HAB_ID,PACKET_NO,MISSION_TIME,TIMESTAMP,TEMPERATURE,PRESSURE,HUMIDITY,ALTITUDE,UV_INDEX,ACCEL_X,ACCEL_Y,ACCEL_Z,GYRO_X,GYRO_Y,GYRO_Z,MAGNETIC_FIELD,LATITUDE,LONGITUDE,BATTERY_PERCENT,CAMERA_STATUS,STATUS_FLAG,RSSI,DSB_TEMP,AHT_TEMP,GPS_FIX,GPS_TIME,GPS_DATE
HAB-MUM-01,1,16:05:33,2026-06-06T16:05:33.606757,24.3,973.13,52.7,339.4,0.77,-6.0,-21.0,1021.0,0.0,0.0,0.0,0.0,19.076339,72.878039,100.0,ON,OK,0,23.4,23.9,1,160533,060626
HAB-MUM-01,1,16:12:25,2026-06-06T16:12:25.829463,24.5,987.05,45.6,220.4,3.77,88.0,65.0,1004.0,0.0,0.0,0.0,0.0,19.07622,72.87792,100.0,ON,OK,0,24.0,24.2,1,161225,060626
HAB-MUM-01,1,16:15:27,2026-06-06T16:15:27.123194,25.0,1013.25,50.0,0.0,3.56,94.0,45.0,1011.0,0.0,0.0,0.0,0.0,19.076,72.8777,100.0,ON,OK,0,24.4,25.4,1,161527,060626
HAB-MUM-01,1,16:18:32,2026-06-06T16:18:32.507516,25.0,1013.25,61.4,0.0,3.46,-36.0,67.0,1005.0,0.0,0.0,0.0,0.0,19.076,72.8777,100.0,ON,OK,0,24.0,24.6,1,161832,060626
HAB-MUM-01,2,16:05:34,2026-06-06T16:05:34.612739,23.7,941.33,54.6,616.6,0.55,-86.0,61.0,955.0,0.0,0.0,0.0,0.0,19.076617,72.878317,100.0,ON,OK,0,23.3,23.7,1,160534,060626
HAB-MUM-01,2,16:12:26,2026-06-06T16:12:26.833979,23.9,953.78,55.6,507.2,1.54,-50.0,23.0,1014.0,0.0,0.0,0.0,0.0,19.076507,72.878207,100.0,ON,OK,0,24.0,23.9,1,161226,060626
HAB-MUM-01,2,16:15:28,2026-06-06T16:15:28.129153,24.2,968.88,62.8,376.0,1.1,-59.0,66.0,1026.0,0.0,0.0,0.0,0.0,19.076376,72.878076,100.0,ON,OK,0,23.7,23.8,1,161528,060626
HAB-MUM-01,2,16:18:33,2026-06-06T16:18:33.511274,24.3,975.76,67.0,316.8,0.55,100.0,-47.0,1048.0,0.0,0.0,0.0,0.0,19.076317,72.878017,100.0,ON,OK,0,23.4,24.4,1,161833,060626
HAB-MUM-01,3,16:05:35,2026-06-06T16:05:35.619129,23.0,900.82,54.4,981.0,3.7,-37.0,57.0,1000.0,0.0,0.0,0.0,0.0,19.076981,72.878681,100.0,ON,OK,0,23.1,23.5,1,160535,060626
HAB-MUM-01,3,16:12:27,2026-06-06T16:12:27.839719,23.1,909.48,58.3,902.1,3.67,-69.0,-46.0,1010.0,0.0,0.0,0.0,0.0,19.076902,72.878602,100.0,ON,OK,0,22.8,23.4,1,161227,060626
HAB-MUM-01,3,16:15:29,2026-06-06T16:15:29.134622,23.8,944.42,62.0,589.4,2.73,87.0,66.0,989.0,0.0,0.0,0.0,0.0,19.076589,72.878289,100.0,ON,OK,0,24.3,23.9,1,161529,060626
HAB-MUM-01,3,16:18:34,2026-06-06T16:18:34.515986,23.8,943.25,46.1,599.7,3.9,-93.0,35.0,962.0,0.0,0.0,0.0,0.0,19.0766,72.8783,100.0,ON,OK,0,24.2,23.7,1,161834,060626
HAB-MUM-01,4,16:05:36,2026-06-06T16:05:36.625927,22.2,860.19,48.0,1360.1,2.42,-95.0,-55.0,1041.0,0.0,0.0,0.0,0.0,19.07736,72.87906,100.0,ON,OK,0,22.8,22.1,1,160536,060626
HAB-MUM-01,4,16:12:28,2026-06-06T16:12:28.845344,22.5,873.75,68.5,1232.0,2.35,-23.0,62.0,982.0,0.0,0.0,0.0,0.0,19.077232,72.878932,100.0,ON,OK,0,22.1,22.7,1,161228,060626
HAB-MUM-01,4,16:15:30,2026-06-06T16:15:30.137855,23.1,908.82,45.2,908.1,0.56,-60.0,65.0,1012.0,0.0,0.0,0.0,0.0,19.076908,72.878608,100.0,ON,OK,0,23.3,23.1,1,161530,060626
HAB-MUM-01,4,16:18:35,2026-06-06T16:18:35.520100,23.3,918.85,45.9,817.3,1.27,35.0,78.0,998.0,0.0,0.0,0.0,0.0,19.076817,72.878517,100.0,ON,OK,0,23.3,23.3,1,161835,060626
HAB-MUM-01,5,16:05:37,2026-06-06T16:05:37.632616,21.7,831.13,57.6,1640.2,3.97,35.0,95.0,1050.0,0.0,0.0,0.0,0.0,19.07764,72.87934,100.0,ON,OK,0,22.0,21.6,1,160537,060626
HAB-MUM-01,5,16:12:29,2026-06-06T16:12:29.853897,21.9,840.82,47.3,1545.9,1.9,39.0,-83.0,970.0,0.0,0.0,0.0,0.0,19.077546,72.879246,100.0,ON,OK,0,22.1,21.9,1,161229,060626
HAB-MUM-01,5,16:15:31,2026-06-06T16:15:31.145204,22.5,876.5,47.1,1206.2,2.61,76.0,53.0,968.0,0.0,0.0,0.0,0.0,19.077206,72.878906,100.0,ON,OK,0,21.5,22.0,1,161531,060626
HAB-MUM-01,5,16:18:36,2026-06-06T16:18:36.525166,22.9,893.68,47.4,1046.6,0.73,-80.0,-82.0,1008.0,0.0,0.0,0.0,0.0,19.077047,72.878747,100.0,ON,OK,0,22.7,22.6,1,161836,060626
HAB-MUM-01,6,16:05:38,2026-06-06T16:05:38.643116,21.1,803.14,45.1,1917.6,3.25,-25.0,4.0,965.0,0.0,0.0,0.0,0.0,19.077918,72.879618,100.0,ON,OK,0,21.5,21.1,1,160538,060626
HAB-MUM-01,6,16:12:30,2026-06-06T16:12:30.859939,21.3,812.48,67.9,1824.2,1.68,-68.0,61.0,976.0,0.0,0.0,0.0,0.0,19.077824,72.879524,100.0,ON,OK,0,20.7,21.3,1,161230,060626
HAB-MUM-01,6,16:15:32,2026-06-06T16:15:32.152110,21.8,840.31,48.4,1550.8,0.51,28.0,-72.0,1028.0,0.0,0.0,0.0,0.0,19.077551,72.879251,100.0,ON,OK,0,22.5,21.3,1,161532,060626
HAB-MUM-01,6,16:18:37,2026-06-06T16:18:37.529017,22.1,852.34,52.3,1435.0,1.33,-5.0,23.0,1037.0,0.0,0.0,0.0,0.0,19.077435,72.879135,100.0,ON,OK,0,21.6,22.6,1,161837,060626
HAB-MUM-01,7,16:05:39,2026-06-06T16:05:39.651945,20.6,777.39,57.3,2179.7,1.7,29.0,-18.0,1037.0,0.0,0.0,0.0,0.0,19.07818,72.87988,100.0,ON,OK,0,21.4,21.1,1,160539,060626
HAB-MUM-01,7,16:12:31,2026-06-06T16:12:31.865945,20.7,780.28,49.2,2149.9,3.65,20.0,33.0,976.0,0.0,0.0,0.0,0.0,19.07815,72.87985,100.0,ON,OK,0,21.5,20.2,1,161231,060626
HAB-MUM-01,7,16:15:33,2026-06-06T16:15:33.165510,21.4,815.38,52.0,1795.3,2.21,-61.0,-4.0,1008.0,0.0,0.0,0.0,0.0,19.077795,72.879495,100.0,ON,OK,0,21.9,21.9,1,161533,060626
HAB-MUM-01,7,16:18:38,2026-06-06T16:18:38.533269,21.3,811.99,60.9,1829.0,2.48,-20.0,17.0,1029.0,0.0,0.0,0.0,0.0,19.077829,72.879529,100.0,ON,OK,0,21.4,20.9,1,161838,060626
HAB-MUM-01,8,16:05:40,2026-06-06T16:05:40.656279,20.1,755.08,48.5,2412.7,1.84,-33.0,95.0,976.0,0.0,0.0,0.0,0.0,19.078413,72.880113,100.0,ON,OK,0,20.7,20.1,1,160540,060626
HAB-MUM-01,8,16:12:32,2026-06-06T16:12:32.872125,19.9,743.92,62.5,2531.3,2.89,97.0,-76.0,1030.0,0.0,0.0,0.0,0.0,19.078531,72.880231,100.0,ON,OK,0,19.5,20.1,1,161232,060626
HAB-MUM-01,8,16:15:34,2026-06-06T16:15:34.169360,20.8,788.04,45.5,2070.5,3.13,-57.0,-4.0,998.0,0.0,0.0,0.0,0.0,19.078071,72.879771,100.0,ON,OK,0,20.6,21.0,1,161534,060626
HAB-MUM-01,8,16:18:39,2026-06-06T16:18:39.537433,20.8,785.63,62.2,2095.1,1.47,-68.0,-31.0,1016.0,0.0,0.0,0.0,0.0,19.078095,72.879795,100.0,ON,OK,0,20.6,21.1,1,161839,060626
HAB-MUM-01,9,16:05:41,2026-06-06T16:05:41.665406,19.7,733.92,55.4,2638.8,1.46,-99.0,-34.0,1050.0,0.0,0.0,0.0,0.0,19.078639,72.880339,100.0,ON,OK,0,18.9,20.0,1,160541,060626
HAB-MUM-01,9,16:12:33,2026-06-06T16:12:33.875954,19.1,709.04,47.1,2911.5,1.62,-28.0,-6.0,1012.0,0.0,0.0,0.0,0.0,19.078912,72.880612,100.0,ON,OK,0,18.4,19.4,1,161233,060626
HAB-MUM-01,9,16:15:35,2026-06-06T16:15:35.175315,20.3,762.55,62.6,2334.1,1.46,20.0,-60.0,994.0,0.0,0.0,0.0,0.0,19.078334,72.880034,100.0,ON,OK,0,21.2,20.8,1,161535,060626
HAB-MUM-01,9,16:18:40,2026-06-06T16:18:40.544260,20.2,756.77,51.1,2394.8,2.64,-94.0,-66.0,1011.0,0.0,0.0,0.0,0.0,19.078395,72.880095,100.0,ON,OK,0,19.2,20.4,1,161840,060626
HAB-MUM-01,10,16:05:42,2026-06-06T16:05:42.677068,19.2,712.61,62.3,2871.9,2.47,44.0,18.0,1007.0,0.0,0.0,0.0,0.0,19.078872,72.880572,100.0,ON,OK,0,19.6,19.2,1,160542,060626
HAB-MUM-01,10,16:12:34,2026-06-06T16:12:34.878573,18.6,683.88,52.8,3195.3,3.14,-89.0,54.0,973.0,0.0,0.0,0.0,0.0,19.079195,72.880895,100.0,ON,OK,0,19.3,18.7,1,161234,060626
HAB-MUM-01,10,16:15:36,2026-06-06T16:15:36.184004,19.8,739.97,53.5,2573.6,1.4,46.0,37.0,1030.0,0.0,0.0,0.0,0.0,19.078574,72.880274,100.0,ON,OK,0,19.5,19.6,1,161536,060626
HAB-MUM-01,10,16:18:41,2026-06-06T16:18:41.550430,19.5,724.38,46.2,2742.4,2.25,-87.0,-9.0,1014.0,0.0,0.0,0.0,0.0,19.078742,72.880442,100.0,ON,OK,0,18.7,19.9,1,161841,060626
HAB-MUM-01,11,16:05:43,2026-06-06T16:05:43.686395,18.4,678.51,47.8,3256.9,3.98,-34.0,-29.0,986.0,0.0,0.0,0.0,0.0,19.079257,72.880957,100.0,ON,OK,0,19.2,18.7,1,160543,060626
HAB-MUM-01,11,16:12:35,2026-06-06T16:12:35.881624,18.0,660.47,47.9,3467.1,2.53,37.0,67.0,1000.0,0.0,0.0,0.0,0.0,19.079467,72.881167,100.0,ON,OK,0,18.0,18.1,1,161235,060626
HAB-MUM-01,11,16:15:37,2026-06-06T16:15:37.194901,19.1,707.76,66.6,2925.7,1.22,6.0,-31.0,977.0,0.0,0.0,0.0,0.0,19.078926,72.880626,100.0,ON,OK,0,19.0,19.0,1,161537,060626
HAB-MUM-01,11,16:18:42,2026-06-06T16:18:42.559614,18.8,695.81,46.7,3059.7,2.81,37.0,21.0,1023.0,0.0,0.0,0.0,0.0,19.07906,72.88076,100.0,ON,OK,0,17.9,18.7,1,161842,060626
HAB-MUM-01,12,16:05:44,2026-06-06T16:05:44.724180,17.7,647.95,53.6,3615.5,1.64,62.0,14.0,1050.0,0.0,0.0,0.0,0.0,19.079616,72.881316,100.0,ON,OK,0,17.8,18.2,1,160544,060626
HAB-MUM-01,12,16:12:36,2026-06-06T16:12:36.885018,17.6,641.24,48.8,3696.1,0.75,21.0,33.0,1037.0,0.0,0.0,0.0,0.0,19.079696,72.881396,100.0,ON,OK,0,16.9,17.5,1,161236,060626
HAB-MUM-01,12,16:15:38,2026-06-06T16:15:38.199773,18.5,681.06,67.2,3227.6,2.71,-88.0,74.0,1007.0,0.0,0.0,0.0,0.0,19.079228,72.880928,100.0,ON,OK,0,18.9,18.2,1,161538,060626
HAB-MUM-01,12,16:18:43,2026-06-06T16:18:43.578345,18.3,674.52,60.1,3303.0,1.16,62.0,-43.0,1032.0,0.0,0.0,0.0,0.0,19.079303,72.881003,100.0,ON,OK,0,17.9,18.3,1,161843,060626
HAB-MUM-01,13,16:05:45,2026-06-06T16:05:45.735963,17.0,619.35,47.4,3963.8,3.89,-21.0,10.0,1024.0,0.0,0.0,0.0,0.0,19.079964,72.881664,100.0,ON,OK,0,17.0,17.3,1,160545,060626
HAB-MUM-01,13,16:12:37,2026-06-06T16:12:37.888828,17.1,620.59,59.5,3948.5,0.69,-80.0,-54.0,960.0,0.0,0.0,0.0,0.0,19.079949,72.881649,100.0,ON,OK,0,16.4,17.0,1,161237,060626
HAB-MUM-01,13,16:15:39,2026-06-06T16:15:39.207182,17.8,650.56,63.4,3584.4,3.02,68.0,-1.0,993.0,0.0,0.0,0.0,0.0,19.079584,72.881284,100.0,ON,OK,0,18.4,17.7,1,161539,060626
HAB-MUM-01,13,16:18:44,2026-06-06T16:18:44.588917,17.9,654.94,55.4,3532.3,3.9,-32.0,45.0,1023.0,0.0,0.0,0.0,0.0,19.079532,72.881232,100.0,ON,OK,0,17.7,17.6,1,161844,060626
HAB-MUM-01,14,16:05:46,2026-06-06T16:05:46.743117,16.3,589.67,51.8,4339.3,2.6,64.0,-91.0,978.0,0.0,0.0,0.0,0.0,19.080339,72.882039,100.0,ON,OK,0,15.9,16.5,1,160546,060626
HAB-MUM-01,14,16:12:38,2026-06-06T16:12:38.892161,16.5,596.96,51.4,4245.7,0.68,-63.0,78.0,977.0,0.0,0.0,0.0,0.0,19.080246,72.881946,100.0,ON,OK,0,15.7,16.1,1,161238,060626
HAB-MUM-01,14,16:15:40,2026-06-06T16:15:40.216609,17.0,620.41,49.1,3950.7,2.61,70.0,-36.0,1033.0,0.0,0.0,0.0,0.0,19.079951,72.881651,100.0,ON,OK,0,16.6,17.4,1,161540,060626
HAB-MUM-01,14,16:18:45,2026-06-06T16:18:45.596931,17.2,624.72,54.8,3897.4,1.7,-87.0,0.0,1040.0,0.0,0.0,0.0,0.0,19.079897,72.881597,100.0,ON,OK,0,17.8,16.8,1,161845,060626
HAB-MUM-01,15,16:05:47,2026-06-06T16:05:47.752676,15.8,573.0,65.3,4556.9,3.57,-79.0,70.0,1001.0,0.0,0.0,0.0,0.0,19.080557,72.882257,100.0,ON,OK,0,15.4,16.1,1,160547,060626
HAB-MUM-01,15,16:12:39,2026-06-06T16:12:39.897131,15.7,569.29,69.4,4606.0,2.2,-12.0,91.0,1041.0,0.0,0.0,0.0,0.0,19.080606,72.882306,100.0,ON,OK,0,15.0,15.9,1,161239,060626
HAB-MUM-01,15,16:15:41,2026-06-06T16:15:41.219756,16.3,592.32,58.1,4305.1,2.68,71.0,8.0,1017.0,0.0,0.0,0.0,0.0,19.080305,72.882005,100.0,ON,OK,0,15.8,15.9,1,161541,060626
HAB-MUM-01,15,16:18:46,2026-06-06T16:18:46.607687,16.4,595.24,55.8,4267.7,3.63,-64.0,67.0,981.0,0.0,0.0,0.0,0.0,19.080268,72.881968,100.0,ON,OK,0,15.6,16.5,1,161846,060626
HAB-MUM-01,16,16:05:48,2026-06-06T16:05:48.765088,15.3,552.18,61.3,4836.1,1.53,78.0,51.0,1010.0,0.0,0.0,0.0,0.0,19.080836,72.882536,100.0,ON,OK,0,14.9,15.2,1,160548,060626
HAB-MUM-01,16,16:12:40,2026-06-06T16:12:40.901085,15.2,550.29,47.6,4861.8,1.9,-12.0,50.0,1028.0,0.0,0.0,0.0,0.0,19.080862,72.882562,100.0,ON,OK,0,14.7,15.2,1,161240,060626
HAB-MUM-01,16,16:15:42,2026-06-06T16:15:42.224349,15.8,570.22,55.1,4593.7,3.17,57.0,16.0,989.0,0.0,0.0,0.0,0.0,19.080594,72.882294,100.0,ON,OK,0,16.8,15.5,1,161542,060626
HAB-MUM-01,16,16:18:47,2026-06-06T16:18:47.613009,15.7,567.74,64.6,4626.7,0.71,-24.0,20.0,1000.0,0.0,0.0,0.0,0.0,19.080627,72.882327,100.0,ON,OK,0,15.8,15.3,1,161847,060626
HAB-MUM-01,17,16:05:49,2026-06-06T16:05:49.771735,14.5,524.59,63.1,5219.4,1.41,85.0,86.0,998.0,0.0,0.0,0.0,0.0,19.081219,72.882919,100.0,ON,OK,0,14.7,14.4,1,160549,060626
HAB-MUM-01,17,16:12:41,2026-06-06T16:12:41.904002,14.8,534.21,55.6,5083.9,1.03,-38.0,-34.0,968.0,0.0,0.0,0.0,0.0,19.081084,72.882784,100.0,ON,OK,0,14.6,14.9,1,161241,060626
HAB-MUM-01,17,16:15:43,2026-06-06T16:15:43.227562,15.1,546.14,61.2,4918.6,1.66,38.0,76.0,1021.0,0.0,0.0,0.0,0.0,19.080919,72.882619,100.0,ON,OK,0,16.0,15.0,1,161543,060626
HAB-MUM-01,17,16:18:48,2026-06-06T16:18:48.618989,14.9,540.0,58.7,5003.4,3.85,-58.0,57.0,995.0,0.0,0.0,0.0,0.0,19.081003,72.882703,100.0,ON,OK,0,14.0,15.3,1,161848,060626
HAB-MUM-01,18,16:05:50,2026-06-06T16:05:50.782624,14.1,509.38,46.9,5437.8,1.65,-47.0,2.0,1022.0,0.0,0.0,0.0,0.0,19.081438,72.883138,100.0,ON,OK,0,13.5,13.6,1,160550,060626
HAB-MUM-01,18,16:12:42,2026-06-06T16:12:42.910705,14.1,508.85,63.5,5445.5,1.41,17.0,27.0,1028.0,0.0,0.0,0.0,0.0,19.081446,72.883146,100.0,ON,OK,0,14.3,13.6,1,161242,060626
HAB-MUM-01,18,16:15:44,2026-06-06T16:15:44.231418,14.5,524.11,64.2,5226.2,3.59,90.0,44.0,993.0,0.0,0.0,0.0,0.0,19.081226,72.882926,100.0,ON,OK,0,15.3,14.4,1,161544,060626
HAB-MUM-01,18,16:18:49,2026-06-06T16:18:49.624047,14.3,518.62,49.2,5304.5,3.64,-31.0,-36.0,1002.0,0.0,0.0,0.0,0.0,19.081305,72.883005,100.0,ON,OK,0,13.9,14.6,1,161849,060626
HAB-MUM-01,19,16:05:51,2026-06-06T16:05:51.794084,13.4,486.53,66.0,5776.0,0.92,-29.0,-1.0,972.0,0.0,0.0,0.0,0.0,19.081776,72.883476,100.0,ON,OK,0,13.9,13.3,1,160551,060626
HAB-MUM-01,19,16:12:43,2026-06-06T16:12:43.914795,13.6,491.63,63.8,5699.4,2.1,-2.0,-42.0,1032.0,0.0,0.0,0.0,0.0,19.081699,72.883399,100.0,ON,OK,0,14.5,14.0,1,161243,060626
HAB-MUM-01,19,16:15:45,2026-06-06T16:15:45.236453,13.9,504.37,66.7,5510.9,1.41,16.0,9.0,1046.0,0.0,0.0,0.0,0.0,19.081511,72.883211,100.0,ON,OK,0,14.6,13.8,1,161545,060626
HAB-MUM-01,19,16:18:50,2026-06-06T16:18:50.629746,13.7,496.28,65.8,5630.1,2.8,-27.0,91.0,1037.0,0.0,0.0,0.0,0.0,19.08163,72.88333,100.0,ON,OK,0,14.6,14.1,1,161850,060626
HAB-MUM-01,20,16:05:52,2026-06-06T16:05:52.799767,12.9,470.43,56.7,6022.1,1.71,-2.0,84.0,984.0,0.0,0.0,0.0,0.0,19.082022,72.883722,100.0,ON,OK,0,13.4,12.5,1,160552,060626
HAB-MUM-01,20,16:12:44,2026-06-06T16:12:44.921586,12.9,470.16,59.2,6026.3,1.55,-76.0,-33.0,1008.0,0.0,0.0,0.0,0.0,19.082026,72.883726,100.0,ON,OK,0,12.5,13.0,1,161244,060626
HAB-MUM-01,20,16:15:46,2026-06-06T16:15:46.241761,13.3,482.07,61.1,5843.5,3.71,73.0,-38.0,1001.0,0.0,0.0,0.0,0.0,19.081844,72.883544,100.0,ON,OK,0,13.6,13.8,1,161546,060626
HAB-MUM-01,20,16:18:51,2026-06-06T16:18:51.635851,13.3,481.7,62.0,5849.1,2.65,-28.0,57.0,982.0,0.0,0.0,0.0,0.0,19.081849,72.883549,100.0,ON,OK,0,14.1,13.7,1,161851,060626
HAB-MUM-01,21,16:05:53,2026-06-06T16:05:53.813120,12.2,447.79,53.9,6379.9,1.19,-23.0,-15.0,952.0,0.0,0.0,0.0,0.0,19.08238,72.88408,100.0,ON,OK,0,12.3,11.7,1,160553,060626
HAB-MUM-01,21,16:12:45,2026-06-06T16:12:45.925633,12.5,457.36,59.3,6226.9,1.79,-32.0,-84.0,1035.0,0.0,0.0,0.0,0.0,19.082227,72.883927,100.0,ON,OK,0,11.7,12.1,1,161245,060626
HAB-MUM-01,21,16:15:47,2026-06-06T16:15:47.244777,12.6,461.09,55.9,6168.0,3.62,41.0,77.0,982.0,0.0,0.0,0.0,0.0,19.082168,72.883868,100.0,ON,OK,0,12.3,12.9,1,161547,060626
HAB-MUM-01,21,16:18:52,2026-06-06T16:18:52.643354,12.6,460.18,48.9,6182.2,0.7,-71.0,-88.0,999.0,0.0,0.0,0.0,0.0,19.082182,72.883882,100.0,ON,OK,0,13.1,12.7,1,161852,060626
HAB-MUM-01,22,16:05:54,2026-06-06T16:05:54.819826,11.7,434.06,58.8,6604.1,0.73,26.0,45.0,1012.0,0.0,0.0,0.0,0.0,19.082604,72.884304,100.0,ON,OK,0,11.7,11.4,1,160554,060626
HAB-MUM-01,22,16:12:46,2026-06-06T16:12:46.931764,12.0,442.73,65.3,6461.9,1.07,86.0,-60.0,1047.0,0.0,0.0,0.0,0.0,19.082462,72.884162,100.0,ON,OK,0,12.6,12.3,1,161246,060626
HAB-MUM-01,22,16:15:48,2026-06-06T16:15:48.249143,12.0,440.95,65.4,6490.8,3.71,76.0,26.0,966.0,0.0,0.0,0.0,0.0,19.082491,72.884191,100.0,ON,OK,0,12.4,12.5,1,161548,060626
HAB-MUM-01,22,16:18:53,2026-06-06T16:18:53.653041,11.9,437.76,57.2,6543.3,3.49,48.0,-44.0,953.0,0.0,0.0,0.0,0.0,19.082543,72.884243,100.0,ON,OK,0,12.2,12.0,1,161853,060626
HAB-MUM-01,23,16:05:55,2026-06-06T16:05:55.829721,11.3,419.99,62.0,6840.0,1.28,-69.0,-76.0,998.0,0.0,0.0,0.0,0.0,19.08284,72.88454,100.0,ON,OK,0,11.2,10.9,1,160555,060626
HAB-MUM-01,23,16:12:47,2026-06-06T16:12:47.940768,11.5,426.95,65.3,6722.6,1.46,-83.0,-4.0,973.0,0.0,0.0,0.0,0.0,19.082723,72.884423,100.0,ON,OK,0,11.5,12.0,1,161247,060626
HAB-MUM-01,23,16:15:49,2026-06-06T16:15:49.256709,11.2,417.52,57.8,6882.1,2.62,21.0,-52.0,967.0,0.0,0.0,0.0,0.0,19.082882,72.884582,100.0,ON,OK,0,11.6,11.2,1,161549,060626
HAB-MUM-01,23,16:18:54,2026-06-06T16:18:54.658983,11.4,424.51,56.5,6763.5,4.0,-4.0,-60.0,962.0,0.0,0.0,0.0,0.0,19.082764,72.884464,100.0,ON,OK,0,11.0,11.0,1,161854,060626
HAB-MUM-01,24,16:05:56,2026-06-06T16:05:56.842988,10.8,404.98,67.6,7098.7,3.1,33.0,54.0,1015.0,0.0,0.0,0.0,0.0,19.083099,72.884799,100.0,ON,OK,0,10.5,11.3,1,160556,060626
HAB-MUM-01,24,16:12:48,2026-06-06T16:12:48.949066,10.8,407.4,46.0,7056.4,3.76,89.0,24.0,982.0,0.0,0.0,0.0,0.0,19.083056,72.884756,100.0,ON,OK,0,10.7,10.9,1,161248,060626
HAB-MUM-01,24,16:15:50,2026-06-06T16:15:50.262748,10.6,401.28,66.0,7163.6,3.86,44.0,57.0,969.0,0.0,0.0,0.0,0.0,19.083164,72.884864,100.0,ON,OK,0,10.0,10.2,1,161550,060626
HAB-MUM-01,24,16:18:55,2026-06-06T16:18:55.668576,10.7,404.12,46.5,7113.7,1.41,0.0,10.0,1007.0,0.0,0.0,0.0,0.0,19.083114,72.884814,100.0,ON,OK,0,10.0,10.9,1,161855,060626
HAB-MUM-01,25,16:05:57,2026-06-06T16:05:57.850007,10.0,383.2,65.8,7488.2,1.16,1.0,-45.0,987.0,0.0,0.0,0.0,0.0,19.083488,72.885188,100.0,ON,OK,0,9.4,10.2,1,160557,060626
HAB-MUM-01,25,16:12:49,2026-06-06T16:12:49.952916,10.3,391.43,46.8,7339.0,2.31,15.0,-3.0,1026.0,0.0,0.0,0.0,0.0,19.083339,72.885039,100.0,ON,OK,0,10.0,10.6,1,161249,060626
HAB-MUM-01,25,16:15:51,2026-06-06T16:15:51.273391,9.8,379.25,69.6,7560.8,2.12,-13.0,74.0,993.0,0.0,0.0,0.0,0.0,19.083561,72.885261,100.0,ON,OK,0,9.2,9.6,1,161551,060626
HAB-MUM-01,25,16:18:56,2026-06-06T16:18:56.675115,10.3,391.93,56.0,7330.1,1.01,-12.0,-69.0,989.0,0.0,0.0,0.0,0.0,19.08333,72.88503,100.0,ON,OK,0,10.0,10.2,1,161856,060626
HAB-MUM-01,26,16:05:58,2026-06-06T16:05:58.854450,9.5,369.19,49.6,7748.6,0.7,-59.0,-47.0,954.0,0.0,0.0,0.0,0.0,19.083749,72.885449,100.0,ON,OK,0,10.3,9.8,1,160558,060626
HAB-MUM-01,26,16:12:50,2026-06-06T16:12:50.960766,9.7,376.3,58.6,7615.5,3.59,11.0,-40.0,1010.0,0.0,0.0,0.0,0.0,19.083616,72.885316,100.0,ON,OK,0,10.1,10.2,1,161250,060626
HAB-MUM-01,26,16:15:52,2026-06-06T16:15:52.279062,9.3,365.1,46.1,7826.0,1.57,-39.0,-13.0,998.0,0.0,0.0,0.0,0.0,19.083826,72.885526,100.0,ON,OK,0,9.9,9.3,1,161552,060626
HAB-MUM-01,26,16:18:57,2026-06-06T16:18:57.684229,9.8,377.85,61.8,7586.8,2.97,-3.0,-14.0,1033.0,0.0,0.0,0.0,0.0,19.083587,72.885287,100.0,ON,OK,0,9.2,9.4,1,161857,060626
HAB-MUM-01,27,16:05:59,2026-06-06T16:05:59.864093,9.0,357.04,55.6,7980.6,2.07,83.0,-1.0,1038.0,0.0,0.0,0.0,0.0,19.083981,72.885681,100.0,ON,OK,0,8.0,9.4,1,160559,060626
HAB-MUM-01,27,16:12:51,2026-06-06T16:12:51.966416,9.0,356.31,58.0,7994.9,3.09,86.0,54.0,985.0,0.0,0.0,0.0,0.0,19.083995,72.885695,100.0,ON,OK,0,9.9,8.8,1,161251,060626
HAB-MUM-01,27,16:15:53,2026-06-06T16:15:53.282652,8.7,349.13,55.3,8135.3,1.98,0.0,5.0,1030.0,0.0,0.0,0.0,0.0,19.084135,72.885835,100.0,ON,OK,0,8.6,8.7,1,161553,060626
HAB-MUM-01,27,16:18:58,2026-06-06T16:18:58.687604,9.1,359.4,57.6,7935.2,3.27,32.0,82.0,1047.0,0.0,0.0,0.0,0.0,19.083935,72.885635,100.0,ON,OK,0,10.0,8.8,1,161858,060626
HAB-MUM-01,28,16:06:00,2026-06-06T16:06:00.871647,8.4,342.8,70.0,8261.0,1.86,79.0,9.0,1015.0,0.0,0.0,0.0,0.0,19.084261,72.885961,100.0,ON,OK,0,8.7,8.5,1,160600,060626
HAB-MUM-01,28,16:12:52,2026-06-06T16:12:52.971939,8.2,337.75,68.5,8362.9,3.0,100.0,90.0,1006.0,0.0,0.0,0.0,0.0,19.084363,72.886063,100.0,ON,OK,0,7.4,8.7,1,161252,060626
HAB-MUM-01,28,16:15:54,2026-06-06T16:15:54.287967,8.1,334.83,47.0,8422.3,1.71,100.0,53.0,1013.0,0.0,0.0,0.0,0.0,19.084422,72.886122,100.0,ON,OK,0,8.5,7.9,1,161554,060626
HAB-MUM-01,28,16:18:59,2026-06-06T16:18:59.690293,8.7,348.95,68.7,8138.8,1.08,-62.0,91.0,1003.0,0.0,0.0,0.0,0.0,19.084139,72.885839,100.0,ON,OK,0,8.0,8.5,1,161859,060626
HAB-MUM-01,29,16:06:01,2026-06-06T16:06:01.881450,7.8,326.43,50.4,8595.5,2.2,-52.0,3.0,981.0,0.0,0.0,0.0,0.0,19.084596,72.886296,100.0,ON,OK,0,7.5,7.5,1,160601,060626
HAB-MUM-01,29,16:12:53,2026-06-06T16:12:53.977437,7.5,320.26,64.2,8724.9,1.44,33.0,-33.0,969.0,0.0,0.0,0.0,0.0,19.084725,72.886425,100.0,ON,OK,0,7.1,7.2,1,161253,060626
HAB-MUM-01,29,16:15:55,2026-06-06T16:15:55.296556,7.4,318.85,65.9,8754.8,1.49,1.0,-92.0,1005.0,0.0,0.0,0.0,0.0,19.084755,72.886455,100.0,ON,OK,0,7.8,6.9,1,161555,060626
HAB-MUM-01,29,16:19:00,2026-06-06T16:19:00.694358,7.9,330.1,65.3,8519.3,3.75,-38.0,-13.0,977.0,0.0,0.0,0.0,0.0,19.084519,72.886219,100.0,ON,OK,0,8.2,7.9,1,161900,060626
HAB-MUM-01,30,16:06:02,2026-06-06T16:06:02.890721,7.0,309.21,57.6,8962.0,1.18,-73.0,-76.0,962.0,0.0,0.0,0.0,0.0,19.084962,72.886662,100.0,ON,OK,0,7.6,7.3,1,160602,060626
HAB-MUM-01,30,16:12:55,2026-06-06T16:12:55.009782,6.8,303.12,70.0,9095.8,3.96,3.0,-50.0,956.0,0.0,0.0,0.0,0.0,19.085096,72.886796,100.0,ON,OK,0,7.2,6.7,1,161254,060626
HAB-MUM-01,30,16:15:56,2026-06-06T16:15:56.302036,6.7,302.12,62.6,9117.8,3.78,93.0,79.0,983.0,0.0,0.0,0.0,0.0,19.085118,72.886818,100.0,ON,OK,0,6.0,7.2,1,161556,060626
HAB-MUM-01,30,16:19:01,2026-06-06T16:19:01.698456,7.1,311.45,50.7,8913.4,2.19,-89.0,-31.0,1033.0,0.0,0.0,0.0,0.0,19.084913,72.886613,100.0,ON,OK,0,6.9,6.7,1,161901,060626
HAB-MUM-01,31,16:06:03,2026-06-06T16:06:03.902966,6.4,295.73,55.6,9260.7,2.13,53.0,20.0,1017.0,0.0,0.0,0.0,0.0,19.085261,72.886961,100.0,ON,OK,0,5.4,5.9,1,160603,060626
HAB-MUM-01,31,16:12:56,2026-06-06T16:12:56.019654,6.3,292.62,62.1,9331.2,2.87,-61.0,94.0,967.0,0.0,0.0,0.0,0.0,19.085331,72.887031,100.0,ON,OK,0,6.5,5.9,1,161256,060626
HAB-MUM-01,31,16:15:57,2026-06-06T16:15:57.312856,6.0,286.48,63.4,9472.3,3.21,-17.0,-78.0,1016.0,0.0,0.0,0.0,0.0,19.085472,72.887172,100.0,ON,OK,0,5.4,6.3,1,161557,060626
HAB-MUM-01,31,16:19:02,2026-06-06T16:19:02.705143,6.6,299.52,49.2,9175.8,1.28,-20.0,1.0,958.0,0.0,0.0,0.0,0.0,19.085176,72.886876,100.0,ON,OK,0,6.8,6.5,1,161902,060626
HAB-MUM-01,32,16:06:04,2026-06-06T16:06:04.913244,6.0,286.33,56.1,9475.7,2.89,-56.0,69.0,1004.0,0.0,0.0,0.0,0.0,19.085476,72.887176,100.0,ON,OK,0,5.0,6.2,1,160604,060626
HAB-MUM-01,32,16:12:57,2026-06-06T16:12:57.026427,5.7,279.45,66.7,9636.6,0.99,-73.0,62.0,999.0,0.0,0.0,0.0,0.0,19.085637,72.887337,100.0,ON,OK,0,4.9,5.4,1,161257,060626
HAB-MUM-01,32,16:15:58,2026-06-06T16:15:58.318385,5.3,270.95,67.7,9839.9,1.6,51.0,57.0,1047.0,0.0,0.0,0.0,0.0,19.08584,72.88754,100.0,ON,OK,0,5.9,4.8,1,161558,060626
HAB-MUM-01,32,16:19:03,2026-06-06T16:19:03.708012,6.1,288.96,47.8,9415.0,2.59,90.0,-54.0,953.0,0.0,0.0,0.0,0.0,19.085415,72.887115,100.0,ON,OK,0,7.0,6.4,1,161903,060626
HAB-MUM-01,33,16:06:05,2026-06-06T16:06:05.919217,5.5,274.89,49.5,9745.0,2.27,5.0,-78.0,1020.0,0.0,0.0,0.0,0.0,19.085745,72.887445,100.0,ON,OK,0,4.8,5.7,1,160605,060626
HAB-MUM-01,33,16:12:58,2026-06-06T16:12:58.033323,5.2,268.56,67.2,9898.1,2.68,-97.0,5.0,953.0,0.0,0.0,0.0,0.0,19.085898,72.887598,100.0,ON,OK,0,4.9,5.1,1,161258,060626
HAB-MUM-01,33,16:15:59,2026-06-06T16:15:59.327742,4.5,255.65,47.1,10219.2,2.68,-70.0,-99.0,1025.0,0.0,0.0,0.0,0.0,19.086219,72.887919,100.0,ON,OK,0,4.9,4.0,1,161559,060626
HAB-MUM-01,33,16:19:04,2026-06-06T16:19:04.714173,5.4,273.79,61.1,9771.4,3.12,-52.0,65.0,1027.0,0.0,0.0,0.0,0.0,19.085771,72.887471,100.0,ON,OK,0,5.9,5.8,1,161904,060626
HAB-MUM-01,34,16:06:06,2026-06-06T16:06:06.928122,4.7,260.08,46.1,10107.7,3.36,93.0,-68.0,974.0,0.0,0.0,0.0,0.0,19.086108,72.887808,100.0,ON,OK,0,4.9,4.2,1,160606,060626
HAB-MUM-01,34,16:12:59,2026-06-06T16:12:59.040119,4.6,257.08,67.2,10183.2,3.66,0.0,59.0,987.0,0.0,0.0,0.0,0.0,19.086183,72.887883,100.0,ON,OK,0,4.5,5.0,1,161259,060626
HAB-MUM-01,34,16:16:00,2026-06-06T16:16:00.333027,3.9,243.67,66.5,10529.5,2.04,31.0,86.0,1046.0,0.0,0.0,0.0,0.0,19.08653,72.88823,100.0,ON,OK,0,4.4,3.7,1,161600,060626
HAB-MUM-01,34,16:19:05,2026-06-06T16:19:05.718043,5.0,264.59,59.6,9995.5,1.5,34.0,-82.0,950.0,0.0,0.0,0.0,0.0,19.085996,72.887696,100.0,ON,OK,0,5.2,4.8,1,161905,060626
HAB-MUM-01,35,16:06:07,2026-06-06T16:06:07.936654,4.2,249.11,52.1,10387.1,2.53,13.0,-55.0,1002.0,0.0,0.0,0.0,0.0,19.086387,72.888087,100.0,ON,OK,0,4.3,4.6,1,160607,060626
HAB-MUM-01,35,16:13:00,2026-06-06T16:13:00.051929,3.9,244.07,58.7,10518.8,2.31,-86.0,-63.0,999.0,0.0,0.0,0.0,0.0,19.086519,72.888219,100.0,ON,OK,0,4.6,3.4,1,161300,060626
HAB-MUM-01,35,16:16:01,2026-06-06T16:16:01.343640,3.2,230.04,68.4,10897.7,1.81,-40.0,-32.0,1024.0,0.0,0.0,0.0,0.0,19.086898,72.888598,100.0,ON,OK,0,2.7,3.7,1,161601,060626
HAB-MUM-01,35,16:19:06,2026-06-06T16:19:06.725235,4.2,249.83,50.0,10368.4,3.13,9.0,36.0,1034.0,0.0,0.0,0.0,0.0,19.086368,72.888068,100.0,ON,OK,0,4.7,4.2,1,161906,060626
HAB-MUM-01,36,16:06:08,2026-06-06T16:06:08.948855,3.6,238.32,55.5,10671.9,2.5,-78.0,33.0,967.0,0.0,0.0,0.0,0.0,19.086672,72.888372,100.0,ON,OK,0,3.8,3.6,1,160608,060626
HAB-MUM-01,36,16:13:01,2026-06-06T16:13:01.059605,3.3,232.53,46.5,10829.0,0.66,-94.0,-74.0,1003.0,0.0,0.0,0.0,0.0,19.086829,72.888529,100.0,ON,OK,0,3.8,3.8,1,161301,060626
HAB-MUM-01,36,16:16:02,2026-06-06T16:16:02.351619,2.4,217.18,50.9,11261.5,3.99,-27.0,56.0,1026.0,0.0,0.0,0.0,0.0,19.087262,72.888962,100.0,ON,OK,0,2.1,2.0,1,161602,060626
HAB-MUM-01,36,16:19:07,2026-06-06T16:19:07.728920,3.6,237.84,62.4,10684.8,1.39,100.0,78.0,1045.0,0.0,0.0,0.0,0.0,19.086685,72.888385,100.0,ON,OK,0,3.3,3.4,1,161907,060626
HAB-MUM-01,37,16:06:09,2026-06-06T16:06:09.958431,3.2,230.45,48.3,10886.3,2.82,-93.0,47.0,1038.0,0.0,0.0,0.0,0.0,19.086886,72.888586,100.0,ON,OK,0,3.4,3.3,1,160609,060626
HAB-MUM-01,37,16:13:02,2026-06-06T16:13:02.070674,2.6,220.92,64.3,11153.9,2.85,65.0,-69.0,1039.0,0.0,0.0,0.0,0.0,19.087154,72.888854,100.0,ON,OK,0,2.4,2.6,1,161302,060626
HAB-MUM-01,37,16:16:03,2026-06-06T16:16:03.357600,1.9,207.76,69.0,11539.6,1.99,-92.0,-5.0,980.0,0.0,0.0,0.0,0.0,19.08754,72.88924,100.0,ON,OK,0,2.5,1.5,1,161603,060626
HAB-MUM-01,37,16:19:08,2026-06-06T16:19:08.735422,3.2,230.31,45.3,10890.1,1.92,33.0,-7.0,975.0,0.0,0.0,0.0,0.0,19.08689,72.88859,100.0,ON,OK,0,3.9,3.7,1,161908,060626
HAB-MUM-01,38,16:06:10,2026-06-06T16:06:10.972284,2.5,218.93,64.9,11211.1,2.5,-44.0,74.0,1022.0,0.0,0.0,0.0,0.0,19.087211,72.888911,100.0,ON,OK,0,3.4,2.7,1,160610,060626
HAB-MUM-01,38,16:13:03,2026-06-06T16:13:03.076942,1.9,208.98,54.3,11502.9,2.79,59.0,4.0,1040.0,0.0,0.0,0.0,0.0,19.087503,72.889203,100.0,ON,OK,0,1.0,1.8,1,161303,060626
HAB-MUM-01,38,16:16:04,2026-06-06T16:16:04.367853,1.4,199.99,67.8,11776.6,3.42,76.0,-89.0,1001.0,0.0,0.0,0.0,0.0,19.087777,72.889477,100.0,ON,OK,0,1.7,1.0,1,161604,060626
HAB-MUM-01,38,16:19:09,2026-06-06T16:19:09.741439,2.4,216.7,63.3,11275.4,3.21,-62.0,-11.0,1032.0,0.0,0.0,0.0,0.0,19.087275,72.888975,100.0,ON,OK,0,2.2,2.1,1,161909,060626
HAB-MUM-01,39,16:06:11,2026-06-06T16:06:11.983460,1.8,206.57,68.4,11575.2,3.21,-26.0,47.0,982.0,0.0,0.0,0.0,0.0,19.087575,72.889275,100.0,ON,OK,0,0.9,1.6,1,160611,060626
HAB-MUM-01,39,16:13:04,2026-06-06T16:13:04.090463,1.3,198.42,47.5,11825.4,1.38,-61.0,62.0,1050.0,0.0,0.0,0.0,0.0,19.087825,72.889525,100.0,ON,OK,0,0.9,1.5,1,161304,060626
HAB-MUM-01,39,16:16:05,2026-06-06T16:16:05.376273,0.9,192.18,47.4,12022.2,3.39,-28.0,46.0,1026.0,0.0,0.0,0.0,0.0,19.088022,72.889722,100.0,ON,OK,0,0.3,0.7,1,161605,060626
HAB-MUM-01,39,16:19:10,2026-06-06T16:19:10.751319,1.7,204.44,53.9,11639.8,3.87,62.0,-20.0,1009.0,0.0,0.0,0.0,0.0,19.08764,72.88934,100.0,ON,OK,0,1.2,2.0,1,161910,060626
HAB-MUM-01,40,16:06:12,2026-06-06T16:06:12.994114,1.3,198.56,48.4,11821.0,2.75,18.0,89.0,985.0,0.0,0.0,0.0,0.0,19.087821,72.889521,100.0,ON,OK,0,1.8,1.3,1,160612,060626
HAB-MUM-01,40,16:13:05,2026-06-06T16:13:05.099070,0.7,189.51,60.9,12108.2,1.26,60.0,49.0,1037.0,0.0,0.0,0.0,0.0,19.088108,72.889808,100.0,ON,OK,0,0.3,0.3,1,161305,060626
HAB-MUM-01,40,16:16:06,2026-06-06T16:16:06.386542,0.4,184.6,53.1,12268.9,2.67,-59.0,95.0,965.0,0.0,0.0,0.0,0.0,19.088269,72.889969,100.0,ON,OK,0,0.7,0.2,1,161606,060626
HAB-MUM-01,40,16:19:11,2026-06-06T16:19:11.757782,1.1,194.7,54.6,11942.2,1.31,-63.0,-94.0,1049.0,0.0,0.0,0.0,0.0,19.087942,72.889642,100.0,ON,OK,0,1.8,1.3,1,161911,060626
HAB-MUM-01,41,16:06:14,2026-06-06T16:06:14.000672,0.9,191.73,48.9,12036.7,0.96,43.0,-51.0,970.0,0.0,0.0,0.0,0.0,19.088037,72.889737,100.0,ON,OK,0,0.3,1.4,1,160613,060626
HAB-MUM-01,41,16:13:06,2026-06-06T16:13:06.107117,0.1,179.96,54.1,12423.7,2.03,40.0,-53.0,979.0,0.0,0.0,0.0,0.0,19.088424,72.890124,100.0,ON,OK,0,0.9,-0.4,1,161306,060626
HAB-MUM-01,41,16:16:07,2026-06-06T16:16:07.396235,-0.1,176.04,65.6,12557.1,0.94,-15.0,-6.0,976.0,0.0,0.0,0.0,0.0,19.088557,72.890257,100.0,ON,OK,0,-1.0,-0.5,1,161607,060626
HAB-MUM-01,41,16:19:12,2026-06-06T16:19:12.762746,0.5,186.24,55.3,12214.6,3.67,-34.0,34.0,992.0,0.0,0.0,0.0,0.0,19.088215,72.889915,100.0,ON,OK,0,0.4,0.1,1,161912,060626
HAB-MUM-01,42,16:06:15,2026-06-06T16:06:15.005490,0.1,180.1,49.5,12419.0,0.71,55.0,-4.0,970.0,0.0,0.0,0.0,0.0,19.088419,72.890119,100.0,ON,OK,0,0.0,0.1,1,160615,060626
HAB-MUM-01,42,16:13:07,2026-06-06T16:13:07.115445,-0.5,169.16,64.8,12797.3,3.31,-65.0,44.0,1041.0,0.0,0.0,0.0,0.0,19.088797,72.890497,100.0,ON,OK,0,-0.9,-0.5,1,161307,060626
HAB-MUM-01,42,16:16:08,2026-06-06T16:16:08.401915,-0.7,166.43,67.1,12894.8,0.98,-1.0,98.0,1049.0,0.0,0.0,0.0,0.0,19.088895,72.890595,100.0,ON,OK,0,-0.4,-0.4,1,161608,060626
HAB-MUM-01,42,16:19:13,2026-06-06T16:19:13.766447,0.0,177.14,46.4,12519.3,2.81,-19.0,-55.0,959.0,0.0,0.0,0.0,0.0,19.088519,72.890219,100.0,ON,OK,0,-0.8,0.4,1,161913,060626
HAB-MUM-01,43,16:06:16,2026-06-06T16:06:16.008539,-0.4,171.19,65.6,12725.6,2.0,-45.0,-43.0,985.0,0.0,0.0,0.0,0.0,19.088726,72.890426,100.0,ON,OK,0,-1.0,-0.2,1,160616,060626
HAB-MUM-01,43,16:13:08,2026-06-06T16:13:08.125021,-1.0,162.22,45.9,13047.5,2.94,-9.0,-48.0,1034.0,0.0,0.0,0.0,0.0,19.089048,72.890748,100.0,ON,OK,0,-0.9,-0.5,1,161308,060626
HAB-MUM-01,43,16:16:09,2026-06-06T16:16:09.409466,-1.4,158.09,54.5,13200.7,2.99,-67.0,70.0,1041.0,0.0,0.0,0.0,0.0,19.089201,72.890901,100.0,ON,OK,0,-2.2,-1.5,1,161609,060626
HAB-MUM-01,43,16:19:14,2026-06-06T16:19:14.773915,-0.5,170.19,50.7,12760.6,3.81,-14.0,-9.0,957.0,0.0,0.0,0.0,0.0,19.088761,72.890461,100.0,ON,OK,0,-0.3,-0.3,1,161914,060626
HAB-MUM-01,44,16:06:17,2026-06-06T16:06:17.012062,-0.8,165.13,62.9,12941.5,3.93,44.0,55.0,962.0,0.0,0.0,0.0,0.0,19.088942,72.890642,100.0,ON,OK,0,0.1,-0.6,1,160617,060626
HAB-MUM-01,44,16:13:09,2026-06-06T16:13:09.131212,-1.8,151.66,57.4,13445.6,2.61,8.0,60.0,987.0,0.0,0.0,0.0,0.0,19.089446,72.891146,100.0,ON,OK,0,-1.6,-2.3,1,161309,060626
HAB-MUM-01,44,16:16:10,2026-06-06T16:16:10.417307,-1.9,150.53,57.5,13489.6,1.29,-86.0,6.0,1022.0,0.0,0.0,0.0,0.0,19.08949,72.89119,100.0,ON,OK,0,-2.6,-2.2,1,161610,060626
HAB-MUM-01,44,16:19:15,2026-06-06T16:19:15.778542,-1.2,160.44,53.9,13113.3,3.15,-38.0,74.0,1017.0,0.0,0.0,0.0,0.0,19.089113,72.890813,100.0,ON,OK,0,-1.7,-0.8,1,161915,060626
HAB-MUM-01,45,16:06:18,2026-06-06T16:06:18.020313,-1.3,158.82,46.5,13173.4,2.56,5.0,41.0,1046.0,0.0,0.0,0.0,0.0,19.089173,72.890873,100.0,ON,OK,0,-0.5,-1.2,1,160618,060626
HAB-MUM-01,45,16:13:10,2026-06-06T16:13:10.143225,-2.5,143.63,65.3,13763.6,3.98,83.0,37.0,1038.0,0.0,0.0,0.0,0.0,19.089764,72.891464,100.0,ON,OK,0,-3.1,-2.5,1,161310,060626
HAB-MUM-01,45,16:16:11,2026-06-06T16:16:11.420055,-2.6,142.17,47.3,13823.3,2.45,24.0,-72.0,973.0,0.0,0.0,0.0,0.0,19.089823,72.891523,100.0,ON,OK,0,-3.4,-3.1,1,161611,060626
HAB-MUM-01,45,16:19:16,2026-06-06T16:19:16.790481,-1.8,152.32,67.6,13420.2,3.98,-69.0,-85.0,995.0,0.0,0.0,0.0,0.0,19.08942,72.89112,100.0,ON,OK,0,-2.2,-1.8,1,161916,060626
HAB-MUM-01,46,16:06:19,2026-06-06T16:06:19.025412,-1.8,151.66,49.7,13445.7,2.02,-27.0,5.0,1026.0,0.0,0.0,0.0,0.0,19.089446,72.891146,100.0,ON,OK,0,-0.9,-1.4,1,160619,060626
HAB-MUM-01,46,16:13:11,2026-06-06T16:13:11.150643,-2.9,138.32,68.8,13982.3,0.6,-87.0,-69.0,994.0,0.0,0.0,0.0,0.0,19.089982,72.891682,100.0,ON,OK,0,-3.4,-2.9,1,161311,060626
HAB-MUM-01,46,16:16:12,2026-06-06T16:16:12.429282,-3.1,136.63,67.5,14053.1,3.08,-26.0,-66.0,978.0,0.0,0.0,0.0,0.0,19.090053,72.891753,100.0,ON,OK,0,-2.1,-3.3,1,161612,060626
HAB-MUM-01,46,16:19:17,2026-06-06T16:19:17.797700,-2.3,145.3,56.5,13696.5,1.09,-91.0,18.0,953.0,0.0,0.0,0.0,0.0,19.089697,72.891397,100.0,ON,OK,0,-1.4,-2.1,1,161917,060626
HAB-MUM-01,47,16:06:20,2026-06-06T16:06:20.060510,-2.3,146.45,60.2,13650.5,2.93,-98.0,-36.0,1030.0,0.0,0.0,0.0,0.0,19.089651,72.891351,100.0,ON,OK,0,-2.4,-1.9,1,160620,060626
HAB-MUM-01,47,16:13:12,2026-06-06T16:13:12.159100,-3.5,131.28,61.3,14282.1,1.35,13.0,88.0,971.0,0.0,0.0,0.0,0.0,19.090282,72.891982,100.0,ON,OK,0,-3.2,-4.0,1,161312,060626
HAB-MUM-01,47,16:16:13,2026-06-06T16:16:13.435765,-3.5,131.38,52.6,14277.9,2.59,-30.0,-53.0,1036.0,0.0,0.0,0.0,0.0,19.090278,72.891978,100.0,ON,OK,0,-3.1,-3.7,1,161613,060626
HAB-MUM-01,47,16:19:18,2026-06-06T16:19:18.801781,-3.0,136.77,51.5,14047.1,1.77,-11.0,31.0,1044.0,0.0,0.0,0.0,0.0,19.090047,72.891747,100.0,ON,OK,0,-2.3,-2.5,1,161918,060626
HAB-MUM-01,48,16:06:21,2026-06-06T16:06:21.064836,-2.9,138.47,53.8,13975.8,3.41,9.0,81.0,1008.0,0.0,0.0,0.0,0.0,19.089976,72.891676,100.0,ON,OK,0,-2.8,-3.2,1,160621,060626
HAB-MUM-01,48,16:13:13,2026-06-06T16:13:13.166178,-4.1,124.92,53.9,14565.0,2.76,-3.0,-66.0,1002.0,0.0,0.0,0.0,0.0,19.090565,72.892265,100.0,ON,OK,0,-4.5,-3.6,1,161313,060626
HAB-MUM-01,48,16:16:14,2026-06-06T16:16:14.443417,-4.0,126.23,45.0,14505.8,1.83,-63.0,-53.0,1025.0,0.0,0.0,0.0,0.0,19.090506,72.892206,100.0,ON,OK,0,-4.6,-3.8,1,161614,060626
HAB-MUM-01,48,16:19:19,2026-06-06T16:19:19.805738,-3.8,127.64,53.7,14442.7,1.15,-17.0,39.0,971.0,0.0,0.0,0.0,0.0,19.090443,72.892143,100.0,ON,OK,0,-3.7,-3.4,1,161919,060626
HAB-MUM-01,49,16:06:22,2026-06-06T16:06:22.071903,-3.6,130.77,61.6,14304.4,2.96,-51.0,-69.0,983.0,0.0,0.0,0.0,0.0,19.090304,72.892004,100.0,ON,OK,0,-4.3,-4.1,1,160622,060626
HAB-MUM-01,49,16:13:14,2026-06-06T16:13:14.177196,-4.6,119.65,63.3,14808.1,0.74,-5.0,49.0,1007.0,0.0,0.0,0.0,0.0,19.090808,72.892508,100.0,ON,OK,0,-4.7,-4.7,1,161314,060626
HAB-MUM-01,49,16:16:15,2026-06-06T16:16:15.449730,-4.8,117.61,48.0,14904.4,2.57,-8.0,8.0,995.0,0.0,0.0,0.0,0.0,19.090904,72.892604,100.0,ON,OK,0,-3.8,-4.5,1,161615,060626
HAB-MUM-01,49,16:19:20,2026-06-06T16:19:20.816096,-4.3,121.97,56.6,14699.8,3.82,-8.0,-38.0,1031.0,0.0,0.0,0.0,0.0,19.0907,72.8924,100.0,ON,OK,0,-4.3,-4.0,1,161920,060626
HAB-MUM-01,50,16:06:23,2026-06-06T16:06:23.079789,-4.0,125.6,54.3,14534.0,3.34,44.0,100.0,1036.0,0.0,0.0,0.0,0.0,19.090534,72.892234,100.0,ON,OK,0,-3.0,-4.3,1,160623,060626
HAB-MUM-01,50,16:13:15,2026-06-06T16:13:15.183724,-5.0,114.78,50.6,15040.5,0.93,39.0,70.0,1020.0,0.0,0.0,0.0,0.0,19.091041,72.892741,100.0,ON,OK,0,-4.6,-5.1,1,161315,060626
HAB-MUM-01,50,16:16:16,2026-06-06T16:16:16.456265,-5.5,109.9,48.4,15281.4,2.98,5.0,59.0,1024.0,0.0,0.0,0.0,0.0,19.091281,72.892981,100.0,ON,OK,0,-5.2,-5.8,1,161616,060626
HAB-MUM-01,50,16:19:21,2026-06-06T16:19:21.824901,-5.1,114.37,55.3,15060.7,1.83,53.0,17.0,964.0,0.0,0.0,0.0,0.0,19.091061,72.892761,100.0,ON,OK,0,-5.7,-5.6,1,161921,060626
HAB-MUM-01,51,16:06:24,2026-06-06T16:06:24.088686,-4.4,121.01,57.0,14744.2,1.51,42.0,34.0,962.0,0.0,0.0,0.0,0.0,19.090744,72.892444,100.0,ON,OK,0,-3.7,-4.4,1,160624,060626
HAB-MUM-01,51,16:13:16,2026-06-06T16:13:16.190510,-5.7,107.83,46.2,15386.4,3.18,80.0,10.0,983.0,0.0,0.0,0.0,0.0,19.091386,72.893086,100.0,ON,OK,0,-6.6,-6.0,1,161316,060626
HAB-MUM-01,51,16:16:17,2026-06-06T16:16:17.463643,-6.2,103.64,54.7,15604.2,3.01,-44.0,-74.0,982.0,0.0,0.0,0.0,0.0,19.091604,72.893304,100.0,ON,OK,0,-6.3,-6.4,1,161617,060626
HAB-MUM-01,51,16:19:22,2026-06-06T16:19:22.833451,-5.9,106.57,56.2,15451.1,2.71,74.0,-90.0,979.0,0.0,0.0,0.0,0.0,19.091451,72.893151,100.0,ON,OK,0,-5.5,-6.4,1,161922,060626
HAB-MUM-01,52,16:06:25,2026-06-06T16:06:25.094859,-5.1,114.31,48.3,15063.5,1.41,-30.0,0.0,1037.0,0.0,0.0,0.0,0.0,19.091064,72.892764,100.0,ON,OK,0,-5.9,-5.4,1,160625,060626
HAB-MUM-01,52,16:13:17,2026-06-06T16:13:17.201911,-6.3,101.9,62.1,15696.2,2.39,7.0,-20.0,1028.0,0.0,0.0,0.0,0.0,19.091696,72.893396,100.0,ON,OK,0,-6.9,-6.1,1,161317,060626
HAB-MUM-01,52,16:16:18,2026-06-06T16:16:18.469397,-6.9,97.11,60.5,15957.8,3.25,-36.0,-99.0,1008.0,0.0,0.0,0.0,0.0,19.091958,72.893658,100.0,ON,OK,0,-6.3,-6.8,1,161618,060626
HAB-MUM-01,52,16:19:23,2026-06-06T16:19:23.842767,-6.4,101.54,52.3,15715.7,3.44,-76.0,77.0,988.0,0.0,0.0,0.0,0.0,19.091716,72.893416,100.0,ON,OK,0,-6.5,-6.8,1,161923,060626
HAB-MUM-01,53,16:06:26,2026-06-06T16:06:26.104378,-5.7,107.78,65.3,15389.3,3.46,-80.0,60.0,954.0,0.0,0.0,0.0,0.0,19.091389,72.893089,100.0,ON,OK,0,-5.4,-5.9,1,160626,060626
HAB-MUM-01,53,16:13:18,2026-06-06T16:13:18.209302,-7.1,94.72,55.8,16091.6,3.73,-43.0,13.0,1019.0,0.0,0.0,0.0,0.0,19.092092,72.893792,100.0,ON,OK,0,-7.7,-7.6,1,161318,060626
HAB-MUM-01,53,16:16:19,2026-06-06T16:16:19.477755,-7.5,91.46,51.8,16279.5,3.19,0.0,-31.0,987.0,0.0,0.0,0.0,0.0,19.09228,72.89398,100.0,ON,OK,0,-7.7,-7.4,1,161619,060626
HAB-MUM-01,53,16:19:24,2026-06-06T16:19:24.846602,-6.8,97.56,65.5,15932.4,1.91,-63.0,-41.0,1038.0,0.0,0.0,0.0,0.0,19.091932,72.893632,100.0,ON,OK,0,-7.7,-6.3,1,161924,060626
HAB-MUM-01,54,16:06:27,2026-06-06T16:06:27.112359,-6.4,101.53,69.7,15716.3,2.9,-85.0,39.0,967.0,0.0,0.0,0.0,0.0,19.091716,72.893416,100.0,ON,OK,0,-6.6,-6.3,1,160627,060626
HAB-MUM-01,54,16:13:19,2026-06-06T16:13:19.224955,-7.6,90.26,55.5,16349.9,2.41,-62.0,-5.0,987.0,0.0,0.0,0.0,0.0,19.09235,72.89405,100.0,ON,OK,0,-6.8,-7.4,1,161319,060626
HAB-MUM-01,54,16:16:20,2026-06-06T16:16:20.485078,-8.1,86.46,61.6,16577.6,1.57,93.0,48.0,986.0,0.0,0.0,0.0,0.0,19.092578,72.894278,100.0,ON,OK,0,-8.2,-7.8,1,161620,060626
HAB-MUM-01,55,16:06:28,2026-06-06T16:06:28.122058,-7.0,95.56,58.1,16044.1,2.47,31.0,23.0,1046.0,0.0,0.0,0.0,0.0,19.092044,72.893744,100.0,ON,OK,0,-6.4,-6.7,1,160628,060626
HAB-MUM-01,55,16:13:20,2026-06-06T16:13:20.232982,-8.2,85.54,67.4,16634.2,2.41,-79.0,65.0,988.0,0.0,0.0,0.0,0.0,19.092634,72.894334,100.0,ON,OK,0,-9.0,-8.1,1,161320,060626
HAB-MUM-01,55,16:16:21,2026-06-06T16:16:21.567120,-8.5,82.99,45.7,16793.2,2.92,43.0,3.0,997.0,0.0,0.0,0.0,0.0,19.092793,72.894493,100.0,ON,OK,0,-8.6,-8.2,1,161621,060626
HAB-MUM-01,56,16:06:29,2026-06-06T16:06:29.130665,-7.8,89.04,61.9,16422.1,2.55,-43.0,-22.0,1028.0,0.0,0.0,0.0,0.0,19.092422,72.894122,100.0,ON,OK,0,-7.1,-7.8,1,160629,060626
HAB-MUM-01,56,16:13:21,2026-06-06T16:13:21.239534,-8.9,79.83,53.0,16995.7,2.63,-12.0,74.0,953.0,0.0,0.0,0.0,0.0,19.092996,72.894696,100.0,ON,OK,0,-9.8,-9.4,1,161321,060626
HAB-MUM-01,56,16:16:22,2026-06-06T16:16:22.574340,-9.3,77.4,51.2,17156.6,3.87,-78.0,-76.0,987.0,0.0,0.0,0.0,0.0,19.093157,72.894857,100.0,ON,OK,0,-8.4,-9.2,1,161622,060626
HAB-MUM-01,57,16:06:30,2026-06-06T16:06:30.142067,-8.4,83.93,69.2,16734.4,1.72,89.0,-80.0,982.0,0.0,0.0,0.0,0.0,19.092734,72.894434,100.0,ON,OK,0,-7.6,-8.2,1,160630,060626
HAB-MUM-01,57,16:13:22,2026-06-06T16:13:22.246122,-9.5,75.61,60.6,17276.8,1.36,-9.0,-20.0,998.0,0.0,0.0,0.0,0.0,19.093277,72.894977,100.0,ON,OK,0,-10.4,-9.7,1,161322,060626
HAB-MUM-01,57,16:16:23,2026-06-06T16:16:23.584031,-9.7,74.26,58.2,17369.3,3.74,49.0,62.0,985.0,0.0,0.0,0.0,0.0,19.093369,72.895069,100.0,ON,OK,0,-10.5,-9.3,1,161623,060626
HAB-MUM-01,58,16:06:31,2026-06-06T16:06:31.151486,-9.1,78.31,52.1,17095.5,3.24,9.0,-53.0,1007.0,0.0,0.0,0.0,0.0,19.093096,72.894796,100.0,ON,OK,0,-8.6,-9.4,1,160631,060626
HAB-MUM-01,58,16:13:23,2026-06-06T16:13:23.258066,-10.0,72.21,68.3,17512.6,2.7,-20.0,72.0,952.0,0.0,0.0,0.0,0.0,19.093513,72.895213,100.0,ON,OK,0,-10.9,-9.5,1,161323,060626
HAB-MUM-01,58,16:16:24,2026-06-06T16:16:24.593769,-10.3,69.72,56.1,17691.1,2.64,-61.0,38.0,986.0,0.0,0.0,0.0,0.0,19.093691,72.895391,100.0,ON,OK,0,-9.5,-9.9,1,161624,060626
HAB-MUM-01,59,16:06:32,2026-06-06T16:06:32.158362,-9.6,75.13,46.8,17309.5,1.75,-45.0,-57.0,1008.0,0.0,0.0,0.0,0.0,19.09331,72.89501,100.0,ON,OK,0,-9.4,-9.8,1,160632,060626
HAB-MUM-01,59,16:13:24,2026-06-06T16:13:24.265052,-10.7,66.95,58.7,17896.0,0.87,66.0,-96.0,1042.0,0.0,0.0,0.0,0.0,19.093896,72.895596,100.0,ON,OK,0,-9.7,-10.6,1,161324,060626
HAB-MUM-01,59,16:16:25,2026-06-06T16:16:25.603693,-11.1,64.47,55.7,18085.3,3.06,41.0,-28.0,1022.0,0.0,0.0,0.0,0.0,19.094085,72.895785,100.0,ON,OK,0,-10.9,-11.1,1,161625,060626
HAB-MUM-01,60,16:06:33,2026-06-06T16:06:33.170320,-10.2,70.67,67.3,17622.3,3.77,55.0,38.0,1013.0,0.0,0.0,0.0,0.0,19.093622,72.895322,100.0,ON,OK,0,-9.4,-10.2,1,160633,060626
HAB-MUM-01,60,16:13:25,2026-06-06T16:13:25.271455,-11.3,63.43,53.4,18166.3,3.26,69.0,43.0,1046.0,0.0,0.0,0.0,0.0,19.094166,72.895866,100.0,ON,OK,0,-10.8,-10.9,1,161325,060626
HAB-MUM-01,60,16:16:26,2026-06-06T16:16:26.610984,-11.9,59.65,59.2,18470.0,0.66,-69.0,10.0,1035.0,0.0,0.0,0.0,0.0,19.09447,72.89617,100.0,ON,OK,0,-11.5,-12.2,1,161626,060626
HAB-MUM-01,61,16:06:34,2026-06-06T16:06:34.179168,-10.8,66.73,56.0,17912.2,3.85,41.0,68.0,1007.0,0.0,0.0,0.0,0.0,19.093912,72.895612,100.0,ON,OK,0,-11.1,-10.4,1,160634,060626
HAB-MUM-01,61,16:13:26,2026-06-06T16:13:26.282505,-11.9,59.8,66.6,18458.2,2.59,22.0,27.0,998.0,0.0,0.0,0.0,0.0,19.094458,72.896158,100.0,ON,OK,0,-11.3,-11.8,1,161326,060626
HAB-MUM-01,61,16:16:27,2026-06-06T16:16:27.614855,-12.3,57.16,67.7,18679.0,1.64,-87.0,68.0,1007.0,0.0,0.0,0.0,0.0,19.094679,72.896379,100.0,ON,OK,0,-11.8,-12.5,1,161627,060626
HAB-MUM-01,62,16:06:35,2026-06-06T16:06:35.192195,-11.3,63.36,54.2,18171.9,3.95,22.0,-74.0,1049.0,0.0,0.0,0.0,0.0,19.094172,72.895872,100.0,ON,OK,0,-10.9,-11.1,1,160635,060626
HAB-MUM-01,62,16:13:27,2026-06-06T16:13:27.288751,-12.5,55.79,48.3,18797.8,0.63,-96.0,99.0,1021.0,0.0,0.0,0.0,0.0,19.094798,72.896498,100.0,ON,OK,0,-11.7,-12.3,1,161327,060626
HAB-MUM-01,62,16:16:28,2026-06-06T16:16:28.620332,-12.9,53.96,49.9,18959.0,0.63,24.0,10.0,970.0,0.0,0.0,0.0,0.0,19.094959,72.896659,100.0,ON,OK,0,-12.4,-13.1,1,161628,060626
HAB-MUM-01,63,16:06:36,2026-06-06T16:06:36.204599,-11.9,59.85,49.8,18454.3,0.7,-62.0,-35.0,968.0,0.0,0.0,0.0,0.0,19.094454,72.896154,100.0,ON,OK,0,-12.4,-11.6,1,160636,060626
HAB-MUM-01,63,16:13:28,2026-06-06T16:13:28.295767,-13.3,51.81,61.9,19154.9,2.46,-52.0,-95.0,961.0,0.0,0.0,0.0,0.0,19.095155,72.896855,100.0,ON,OK,0,-13.4,-12.8,1,161328,060626
HAB-MUM-01,63,16:16:29,2026-06-06T16:16:29.627272,-13.5,50.75,51.8,19253.6,2.85,-66.0,47.0,977.0,0.0,0.0,0.0,0.0,19.095254,72.896954,100.0,ON,OK,0,-12.7,-13.7,1,161629,060626
HAB-MUM-01,64,16:06:37,2026-06-06T16:06:37.215827,-12.5,56.13,51.2,18768.0,1.47,-67.0,90.0,1050.0,0.0,0.0,0.0,0.0,19.094768,72.896468,100.0,ON,OK,0,-12.3,-12.7,1,160637,060626
HAB-MUM-01,64,16:13:29,2026-06-06T16:13:29.306230,-13.7,49.36,67.7,19385.6,3.53,30.0,-94.0,968.0,0.0,0.0,0.0,0.0,19.095386,72.897086,100.0,ON,OK,0,-13.1,-13.2,1,161329,060626
HAB-MUM-01,64,16:16:30,2026-06-06T16:16:30.631430,-14.2,46.69,68.3,19647.9,3.62,36.0,-15.0,981.0,0.0,0.0,0.0,0.0,19.095648,72.897348,100.0,ON,OK,0,-15.0,-13.7,1,161630,060626
HAB-MUM-01,65,16:06:38,2026-06-06T16:06:38.222729,-12.9,53.7,61.5,18982.5,1.26,84.0,-4.0,1015.0,0.0,0.0,0.0,0.0,19.094983,72.896683,100.0,ON,OK,0,-12.8,-13.0,1,160638,060626
HAB-MUM-01,65,16:13:30,2026-06-06T16:13:30.312943,-14.4,45.91,61.2,19727.4,1.49,-17.0,-20.0,977.0,0.0,0.0,0.0,0.0,19.095727,72.897427,100.0,ON,OK,0,-13.9,-14.0,1,161330,060626
HAB-MUM-01,65,16:16:31,2026-06-06T16:16:31.642404,-15.0,43.29,63.1,20000.7,2.68,88.0,57.0,1034.0,0.0,0.0,0.0,0.0,19.096001,72.897701,100.0,ON,OK,0,-14.6,-15.2,1,161631,060626
HAB-MUM-01,66,16:06:39,2026-06-06T16:06:39.229418,-13.4,50.79,51.7,19249.5,3.32,-93.0,73.0,1031.0,0.0,0.0,0.0,0.0,19.09525,72.89695,100.0,ON,OK,0,-13.8,-12.9,1,160639,060626
HAB-MUM-01,66,16:13:31,2026-06-06T16:13:31.320102,-15.0,42.83,45.3,20049.9,1.02,-37.0,-12.0,1031.0,0.0,0.0,0.0,0.0,19.09605,72.89775,100.0,ON,OK,0,-15.7,-15.0,1,161331,060626
HAB-MUM-01,66,16:16:32,2026-06-06T16:16:32.648507,-15.4,41.27,57.8,20220.3,2.38,-42.0,-87.0,1050.0,0.0,0.0,0.0,0.0,19.09622,72.89792,100.0,ON,OK,0,-15.5,-14.9,1,161632,060626
HAB-MUM-01,67,16:06:40,2026-06-06T16:06:40.237621,-14.0,47.76,62.7,19541.8,2.83,29.0,-47.0,993.0,0.0,0.0,0.0,0.0,19.095542,72.897242,100.0,ON,OK,0,-14.7,-13.9,1,160640,060626
HAB-MUM-01,67,16:13:32,2026-06-06T16:13:32.328829,-15.6,40.53,60.2,20303.7,3.35,32.0,83.0,991.0,0.0,0.0,0.0,0.0,19.096304,72.898004,100.0,ON,OK,0,-15.1,-15.8,1,161332,060626
HAB-MUM-01,67,16:16:33,2026-06-06T16:16:33.658435,-15.9,38.85,66.1,20496.2,0.79,-96.0,80.0,974.0,0.0,0.0,0.0,0.0,19.096496,72.898196,100.0,ON,OK,0,-16.3,-15.4,1,161633,060626
HAB-MUM-01,68,16:06:41,2026-06-06T16:06:41.245403,-14.5,45.23,56.0,19797.2,2.53,9.0,100.0,963.0,0.0,0.0,0.0,0.0,19.095797,72.897497,100.0,ON,OK,0,-14.4,-14.3,1,160641,060626
HAB-MUM-01,68,16:13:33,2026-06-06T16:13:33.335789,-16.3,37.18,65.2,20694.3,2.63,98.0,-29.0,955.0,0.0,0.0,0.0,0.0,19.096694,72.898394,100.0,ON,OK,0,-17.0,-16.0,1,161333,060626
HAB-MUM-01,68,16:16:34,2026-06-06T16:16:34.665678,-16.7,35.71,57.4,20875.2,0.95,-62.0,49.0,1044.0,0.0,0.0,0.0,0.0,19.096875,72.898575,100.0,ON,OK,0,-17.2,-17.1,1,161634,060626
HAB-MUM-01,69,16:06:42,2026-06-06T16:06:42.251702,-15.2,41.95,49.3,20145.3,2.92,-26.0,56.0,1050.0,0.0,0.0,0.0,0.0,19.096145,72.897845,100.0,ON,OK,0,-14.4,-15.6,1,160642,060626
HAB-MUM-01,69,16:13:34,2026-06-06T16:13:34.345664,-16.8,35.26,49.3,20932.0,0.92,26.0,-25.0,957.0,0.0,0.0,0.0,0.0,19.096932,72.898632,100.0,ON,OK,0,-15.9,-16.3,1,161334,060626
HAB-MUM-01,69,16:16:35,2026-06-06T16:16:35.674779,-17.1,33.97,48.0,21097.4,1.88,70.0,-30.0,995.0,0.0,0.0,0.0,0.0,19.097097,72.898797,100.0,ON,OK,0,-17.4,-17.2,1,161635,060626
HAB-MUM-01,70,16:06:43,2026-06-06T16:06:43.263389,-15.9,38.91,67.8,20489.3,1.8,-12.0,-18.0,993.0,0.0,0.0,0.0,0.0,19.096489,72.898189,100.0,ON,OK,0,-15.3,-15.9,1,160643,060626
HAB-MUM-01,70,16:13:35,2026-06-06T16:13:35.355575,-17.6,32.37,59.1,21309.6,3.76,-9.0,-58.0,1007.0,0.0,0.0,0.0,0.0,19.09731,72.89901,100.0,ON,OK,0,-18.0,-17.9,1,161335,060626
HAB-MUM-01,70,16:16:36,2026-06-06T16:16:36.683458,-17.9,31.15,57.9,21477.9,3.63,-57.0,-6.0,1032.0,0.0,0.0,0.0,0.0,19.097478,72.899178,100.0,ON,OK,0,-17.9,-17.8,1,161636,060626
HAB-MUM-01,71,16:06:44,2026-06-06T16:06:44.273529,-16.5,36.64,49.1,20760.2,3.29,-15.0,54.0,1021.0,0.0,0.0,0.0,0.0,19.09676,72.89846,100.0,ON,OK,0,-15.6,-16.8,1,160644,060626
HAB-MUM-01,71,16:13:36,2026-06-06T16:13:36.366450,-18.3,29.67,64.9,21687.9,2.98,-87.0,-71.0,958.0,0.0,0.0,0.0,0.0,19.097688,72.899388,100.0,ON,OK,0,-17.9,-18.7,1,161336,060626
HAB-MUM-01,71,16:16:37,2026-06-06T16:16:37.688616,-18.3,29.74,47.2,21678.1,0.76,37.0,14.0,1029.0,0.0,0.0,0.0,0.0,19.097678,72.899378,100.0,ON,OK,0,-17.4,-18.7,1,161637,060626
HAB-MUM-01,72,16:06:45,2026-06-06T16:06:45.282147,-16.9,34.93,58.0,20973.4,3.52,-71.0,81.0,1041.0,0.0,0.0,0.0,0.0,19.096973,72.898673,100.0,ON,OK,0,-17.2,-17.2,1,160645,060626
HAB-MUM-01,72,16:13:37,2026-06-06T16:13:37.375130,-18.8,28.2,46.8,21905.3,1.73,-27.0,26.0,995.0,0.0,0.0,0.0,0.0,19.097905,72.899605,100.0,ON,OK,0,-19.0,-19.2,1,161337,060626
HAB-MUM-01,72,16:16:38,2026-06-06T16:16:38.697359,-19.0,27.34,52.1,22037.6,2.26,-12.0,20.0,1003.0,0.0,0.0,0.0,0.0,19.098038,72.899738,100.0,ON,OK,0,-19.3,-19.1,1,161638,060626
HAB-MUM-01,73,16:06:46,2026-06-06T16:06:46.300771,-17.4,32.82,47.0,21249.4,2.9,-11.0,80.0,1038.0,0.0,0.0,0.0,0.0,19.097249,72.898949,100.0,ON,OK,0,-17.7,-17.6,1,160646,060626
HAB-MUM-01,73,16:13:38,2026-06-06T16:13:38.385974,-19.5,25.86,68.8,22272.7,0.63,83.0,-25.0,1008.0,0.0,0.0,0.0,0.0,19.098273,72.899973,100.0,ON,OK,0,-19.4,-19.1,1,161338,060626
HAB-MUM-01,73,16:16:39,2026-06-06T16:16:39.700298,-19.7,25.09,50.1,22399.1,2.47,-88.0,59.0,1015.0,0.0,0.0,0.0,0.0,19.098399,72.900099,100.0,ON,OK,0,-20.3,-19.6,1,161639,060626
HAB-MUM-01,74,16:06:47,2026-06-06T16:06:47.311430,-17.9,31.07,67.2,21488.9,3.19,96.0,94.0,1024.0,0.0,0.0,0.0,0.0,19.097489,72.899189,100.0,ON,OK,0,-18.6,-17.4,1,160647,060626
HAB-MUM-01,74,16:13:39,2026-06-06T16:13:39.393393,-20.1,23.92,57.9,22597.8,1.82,52.0,-45.0,1026.0,0.0,0.0,0.0,0.0,19.098598,72.900298,100.0,ON,OK,0,-19.5,-20.1,1,161339,060626
HAB-MUM-01,74,16:16:40,2026-06-06T16:16:40.712164,-20.5,22.95,54.4,22767.5,2.56,80.0,-19.0,975.0,0.0,0.0,0.0,0.0,19.098768,72.900468,100.0,ON,OK,0,-21.3,-20.0,1,161640,060626
HAB-MUM-01,75,16:06:48,2026-06-06T16:06:48.322267,-18.5,29.23,65.6,21752.0,2.46,21.0,68.0,1042.0,0.0,0.0,0.0,0.0,19.097752,72.899452,100.0,ON,OK,0,-18.3,-18.9,1,160648,060626
HAB-MUM-01,75,16:13:40,2026-06-06T16:13:40.407109,-20.8,21.98,47.8,22944.3,3.63,54.0,-76.0,996.0,0.0,0.0,0.0,0.0,19.098944,72.900644,100.0,ON,OK,0,-20.3,-20.5,1,161340,060626
HAB-MUM-01,75,16:16:41,2026-06-06T16:16:41.717856,-21.1,21.15,48.7,23099.6,1.44,-84.0,-85.0,1048.0,0.0,0.0,0.0,0.0,19.0991,72.9008,100.0,ON,OK,0,-20.9,-21.1,1,161641,060626
HAB-MUM-01,76,16:06:49,2026-06-06T16:06:49.332066,-19.1,27.0,56.2,22090.9,2.67,2.0,-69.0,1046.0,0.0,0.0,0.0,0.0,19.098091,72.899791,100.0,ON,OK,0,-20.0,-19.2,1,160649,060626
HAB-MUM-01,76,16:13:41,2026-06-06T16:13:41.415883,-21.5,20.35,68.8,23254.8,2.79,-2.0,-97.0,1047.0,0.0,0.0,0.0,0.0,19.099255,72.900955,100.0,ON,OK,0,-21.0,-21.9,1,161341,060626
HAB-MUM-01,76,16:16:42,2026-06-06T16:16:42.727920,-21.9,19.17,62.9,23494.2,1.76,-3.0,45.0,972.0,0.0,0.0,0.0,0.0,19.099494,72.901194,100.0,ON,OK,0,-21.3,-21.5,1,161642,060626
HAB-MUM-01,77,16:06:50,2026-06-06T16:06:50.342469,-19.9,24.62,61.2,22477.1,0.59,16.0,80.0,1038.0,0.0,0.0,0.0,0.0,19.098477,72.900177,100.0,ON,OK,0,-19.9,-19.6,1,160650,060626
HAB-MUM-01,77,16:13:42,2026-06-06T16:13:42.425587,-22.1,18.82,65.8,23567.2,3.37,82.0,-40.0,998.0,0.0,0.0,0.0,0.0,19.099567,72.901267,100.0,ON,OK,0,-21.9,-21.7,1,161342,060626
HAB-MUM-01,77,16:16:43,2026-06-06T16:16:43.731108,-22.7,17.38,69.4,23878.2,1.05,-92.0,-98.0,1033.0,0.0,0.0,0.0,0.0,19.099878,72.901578,100.0,ON,OK,0,-23.0,-23.2,1,161643,060626
HAB-MUM-01,78,16:06:51,2026-06-06T16:06:51.350199,-20.6,22.52,45.7,22844.5,1.43,-93.0,87.0,1039.0,0.0,0.0,0.0,0.0,19.098845,72.900545,100.0,ON,OK,0,-19.7,-20.9,1,160651,060626
HAB-MUM-01,78,16:13:43,2026-06-06T16:13:43.432459,-22.9,17.02,49.2,23959.3,2.92,31.0,65.0,1008.0,0.0,0.0,0.0,0.0,19.099959,72.901659,100.0,ON,OK,0,-21.9,-22.4,1,161343,060626
HAB-MUM-01,78,16:16:44,2026-06-06T16:16:44.736393,-23.3,16.0,50.4,24198.4,2.92,-69.0,-56.0,959.0,0.0,0.0,0.0,0.0,19.100198,72.901898,100.0,ON,OK,0,-24.1,-23.6,1,161644,060626
HAB-MUM-01,79,16:06:52,2026-06-06T16:06:52.355850,-21.0,21.43,63.8,23047.2,1.13,-90.0,42.0,969.0,0.0,0.0,0.0,0.0,19.099047,72.900747,100.0,ON,OK,0,-21.1,-20.8,1,160652,060626
HAB-MUM-01,79,16:13:44,2026-06-06T16:13:44.442322,-23.5,15.6,66.8,24294.9,3.24,96.0,-8.0,1002.0,0.0,0.0,0.0,0.0,19.100295,72.901995,100.0,ON,OK,0,-22.6,-23.2,1,161344,060626
HAB-MUM-01,79,16:16:45,2026-06-06T16:16:45.742780,-24.1,14.48,54.0,24577.3,1.72,-92.0,-26.0,1044.0,0.0,0.0,0.0,0.0,19.100577,72.902277,100.0,ON,OK,0,-23.9,-24.0,1,161645,060626
HAB-MUM-01,80,16:06:53,2026-06-06T16:06:53.364962,-21.8,19.61,64.3,23402.9,1.48,89.0,-25.0,981.0,0.0,0.0,0.0,0.0,19.099403,72.901103,100.0,ON,OK,0,-22.4,-21.4,1,160653,060626
HAB-MUM-01,80,16:13:45,2026-06-06T16:13:45.450218,-24.2,14.32,45.7,24618.1,2.14,98.0,24.0,979.0,0.0,0.0,0.0,0.0,19.100618,72.902318,100.0,ON,OK,0,-23.3,-23.9,1,161345,060626
HAB-MUM-01,80,16:16:46,2026-06-06T16:16:46.751447,-24.7,13.45,62.2,24852.5,1.59,17.0,-57.0,1032.0,0.0,0.0,0.0,0.0,19.100853,72.902553,100.0,ON,OK,0,-24.7,-25.0,1,161646,060626
HAB-MUM-01,81,16:06:54,2026-06-06T16:06:54.372941,-22.4,18.01,52.6,23738.9,2.67,87.0,-80.0,1049.0,0.0,0.0,0.0,0.0,19.099739,72.901439,100.0,ON,OK,0,-21.9,-22.8,1,160654,060626
HAB-MUM-01,81,16:13:46,2026-06-06T16:13:46.460191,-25.0,12.88,46.9,25013.0,2.3,-99.0,-24.0,1042.0,0.0,0.0,0.0,0.0,19.101013,72.902713,100.0,ON,OK,0,-25.3,-24.6,1,161346,060626
HAB-MUM-01,81,16:16:47,2026-06-06T16:16:47.758322,-25.3,12.38,52.2,25157.5,1.67,-19.0,-76.0,1038.0,0.0,0.0,0.0,0.0,19.101158,72.902858,100.0,ON,OK,0,-25.9,-24.8,1,161647,060626
HAB-MUM-01,82,16:06:55,2026-06-06T16:06:55.378825,-23.1,16.53,62.6,24073.4,0.83,78.0,49.0,960.0,0.0,0.0,0.0,0.0,19.100073,72.901773,100.0,ON,OK,0,-22.4,-23.6,1,160655,060626
HAB-MUM-01,82,16:13:47,2026-06-06T16:13:47.469333,-25.7,11.64,65.9,25380.3,2.2,95.0,-28.0,1010.0,0.0,0.0,0.0,0.0,19.10138,72.90308,100.0,ON,OK,0,-26.3,-25.2,1,161347,060626
HAB-MUM-01,82,16:16:48,2026-06-06T16:16:48.763434,-25.7,11.66,56.4,25373.1,3.49,-79.0,44.0,1037.0,0.0,0.0,0.0,0.0,19.101373,72.903073,100.0,ON,OK,0,-25.7,-25.7,1,161648,060626
HAB-MUM-01,83,16:06:56,2026-06-06T16:06:56.390920,-23.6,15.57,59.4,24302.4,3.53,55.0,76.0,967.0,0.0,0.0,0.0,0.0,19.100302,72.902002,100.0,ON,OK,0,-23.6,-24.0,1,160656,060626
HAB-MUM-01,83,16:13:48,2026-06-06T16:13:48.475661,-26.2,10.86,58.0,25629.5,0.89,-93.0,-71.0,963.0,0.0,0.0,0.0,0.0,19.10163,72.90333,100.0,ON,OK,0,-27.2,-26.6,1,161348,060626
HAB-MUM-01,83,16:16:49,2026-06-06T16:16:49.771513,-26.1,11.0,64.4,25584.4,2.99,51.0,53.0,950.0,0.0,0.0,0.0,0.0,19.101584,72.903284,100.0,ON,OK,0,-25.6,-26.4,1,161649,060626
HAB-MUM-01,84,16:06:57,2026-06-06T16:06:57.399446,-24.2,14.34,50.2,24612.3,2.82,-51.0,-83.0,1001.0,0.0,0.0,0.0,0.0,19.100612,72.902312,100.0,ON,OK,0,-24.2,-24.1,1,160657,060626
HAB-MUM-01,84,16:13:49,2026-06-06T16:13:49.487340,-26.9,10.0,67.3,25961.2,3.05,76.0,100.0,1045.0,0.0,0.0,0.0,0.0,19.101961,72.903661,100.0,ON,OK,0,-27.0,-27.0,1,161349,060626
HAB-MUM-01,84,16:16:50,2026-06-06T16:16:50.777956,-26.6,10.2,51.6,25849.5,2.69,27.0,0.0,956.0,0.0,0.0,0.0,0.0,19.10185,72.90355,100.0,ON,OK,0,-26.8,-26.5,1,161650,060626
HAB-MUM-01,85,16:06:58,2026-06-06T16:06:58.406867,-24.7,13.42,45.6,24860.9,2.46,-7.0,24.0,981.0,0.0,0.0,0.0,0.0,19.100861,72.902561,100.0,ON,OK,0,-23.8,-25.1,1,160658,060626
HAB-MUM-01,85,16:13:50,2026-06-06T16:13:50.493279,-27.5,10.0,48.4,26264.2,2.7,-79.0,-76.0,981.0,0.0,0.0,0.0,0.0,19.102264,72.903964,100.0,ON,OK,0,-26.7,-27.4,1,161350,060626
HAB-MUM-01,85,16:16:51,2026-06-06T16:16:51.782918,-27.3,10.0,67.0,26163.2,1.12,10.0,21.0,1004.0,0.0,0.0,0.0,0.0,19.102163,72.903863,100.0,ON,OK,0,-28.0,-27.8,1,161651,060626
HAB-MUM-01,86,16:06:59,2026-06-06T16:06:59.415752,-25.3,12.24,58.0,25197.4,1.23,50.0,-22.0,1003.0,0.0,0.0,0.0,0.0,19.101197,72.902897,100.0,ON,OK,0,-25.8,-25.8,1,160659,060626
HAB-MUM-01,86,16:13:51,2026-06-06T16:13:51.501549,-28.2,10.0,52.8,26628.4,1.25,69.0,-55.0,1042.0,0.0,0.0,0.0,0.0,19.102628,72.904328,100.0,ON,OK,0,-29.0,-27.7,1,161351,060626
HAB-MUM-01,86,16:16:52,2026-06-06T16:16:52.791624,-27.7,10.0,68.6,26388.0,3.32,-54.0,-81.0,1016.0,0.0,0.0,0.0,0.0,19.102388,72.904088,100.0,ON,OK,0,-28.3,-27.2,1,161652,060626
HAB-MUM-01,87,16:07:00,2026-06-06T16:07:00.424485,-26.1,11.09,53.3,25553.6,3.06,-81.0,56.0,1008.0,0.0,0.0,0.0,0.0,19.101554,72.903254,100.0,ON,OK,0,-25.8,-25.8,1,160700,060626
HAB-MUM-01,87,16:13:52,2026-06-06T16:13:52.510161,-29.0,10.0,67.6,27014.8,1.95,95.0,70.0,972.0,0.0,0.0,0.0,0.0,19.103015,72.904715,100.0,ON,OK,0,-28.2,-28.5,1,161352,060626
HAB-MUM-01,87,16:16:53,2026-06-06T16:16:53.800128,-28.5,10.0,45.0,26776.4,3.74,-56.0,38.0,1004.0,0.0,0.0,0.0,0.0,19.102776,72.904476,100.0,ON,OK,0,-27.9,-28.6,1,161653,060626
HAB-MUM-01,88,16:07:01,2026-06-06T16:07:01.430271,-26.7,10.14,50.5,25872.4,1.58,-28.0,-7.0,1031.0,0.0,0.0,0.0,0.0,19.101872,72.903572,100.0,ON,OK,0,-27.0,-27.1,1,160701,060626
HAB-MUM-01,88,16:13:53,2026-06-06T16:13:53.543061,-29.8,10.0,62.8,27403.4,1.31,93.0,-54.0,1038.0,0.0,0.0,0.0,0.0,19.103403,72.905103,100.0,ON,OK,0,-29.6,-30.2,1,161353,060626
HAB-MUM-01,88,16:16:54,2026-06-06T16:16:54.809216,-28.9,10.0,60.7,26994.3,3.04,59.0,-63.0,990.0,0.0,0.0,0.0,0.0,19.102994,72.904694,100.0,ON,OK,0,-28.3,-28.8,1,161654,060626
HAB-MUM-01,89,16:07:02,2026-06-06T16:07:02.436038,-27.2,10.0,65.2,26109.5,2.75,-72.0,-71.0,955.0,0.0,0.0,0.0,0.0,19.10211,72.90381,100.0,ON,OK,0,-28.1,-26.9,1,160702,060626
HAB-MUM-01,89,16:13:54,2026-06-06T16:13:54.550051,-30.2,10.0,45.7,27620.3,2.84,-50.0,-17.0,986.0,0.0,0.0,0.0,0.0,19.10362,72.90532,100.0,ON,OK,0,-29.8,-30.7,1,161354,060626
HAB-MUM-01,89,16:16:55,2026-06-06T16:16:55.818429,-29.6,10.0,64.4,27341.4,3.5,44.0,5.0,951.0,0.0,0.0,0.0,0.0,19.103341,72.905041,100.0,ON,OK,0,-29.7,-30.0,1,161655,060626
HAB-MUM-01,90,16:07:03,2026-06-06T16:07:03.443058,-27.8,10.0,55.9,26417.5,2.24,64.0,-59.0,1044.0,0.0,0.0,0.0,0.0,19.102418,72.904118,100.0,ON,OK,0,-26.9,-27.3,1,160703,060626
HAB-MUM-01,90,16:13:55,2026-06-06T16:13:55.565753,-30.7,10.0,68.4,27877.9,1.25,-23.0,-18.0,1042.0,0.0,0.0,0.0,0.0,19.103878,72.905578,100.0,ON,OK,0,-29.8,-30.2,1,161355,060626
HAB-MUM-01,90,16:16:56,2026-06-06T16:16:56.824522,-30.2,10.0,52.9,27610.2,1.19,-83.0,-39.0,986.0,0.0,0.0,0.0,0.0,19.10361,72.90531,100.0,ON,OK,0,-30.9,-30.2,1,161656,060626
HAB-MUM-01,91,16:07:04,2026-06-06T16:07:04.451234,-28.5,10.0,62.8,26795.5,3.12,51.0,68.0,978.0,0.0,0.0,0.0,0.0,19.102796,72.904496,100.0,ON,OK,0,-28.5,-28.9,1,160704,060626
HAB-MUM-01,91,16:13:56,2026-06-06T16:13:56.572713,-31.2,10.0,49.5,28146.9,2.7,26.0,40.0,1026.0,0.0,0.0,0.0,0.0,19.104147,72.905847,100.0,ON,OK,0,-30.4,-31.2,1,161356,060626
HAB-MUM-01,91,16:16:57,2026-06-06T16:16:57.830508,-30.6,10.0,56.0,27816.2,3.86,6.0,-26.0,992.0,0.0,0.0,0.0,0.0,19.103816,72.905516,100.0,ON,OK,0,-29.7,-31.1,1,161657,060626
HAB-MUM-01,92,16:07:05,2026-06-06T16:07:05.457552,-29.1,10.0,46.9,27080.3,0.62,-64.0,-58.0,1023.0,0.0,0.0,0.0,0.0,19.10308,72.90478,100.0,ON,OK,0,-29.8,-28.7,1,160705,060626
HAB-MUM-01,92,16:13:57,2026-06-06T16:13:57.582501,-32.0,10.0,57.5,28539.9,2.9,-60.0,34.0,1043.0,0.0,0.0,0.0,0.0,19.10454,72.90624,100.0,ON,OK,0,-31.8,-31.9,1,161357,060626
HAB-MUM-01,92,16:16:58,2026-06-06T16:16:58.837410,-31.2,10.0,49.1,28123.5,2.97,60.0,-69.0,1022.0,0.0,0.0,0.0,0.0,19.104124,72.905824,100.0,ON,OK,0,-30.5,-30.9,1,161658,060626
HAB-MUM-01,93,16:07:06,2026-06-06T16:07:06.465409,-29.9,10.0,54.5,27450.1,3.8,-84.0,-23.0,999.0,0.0,0.0,0.0,0.0,19.10345,72.90515,100.0,ON,OK,0,-29.2,-29.8,1,160706,060626
HAB-MUM-01,93,16:13:58,2026-06-06T16:13:58.591429,-32.5,10.0,46.4,28781.7,2.06,78.0,-96.0,1024.0,0.0,0.0,0.0,0.0,19.104782,72.906482,100.0,ON,OK,0,-32.1,-32.7,1,161358,060626
HAB-MUM-01,93,16:16:59,2026-06-06T16:16:59.842760,-31.7,10.0,64.5,28379.2,2.87,2.0,-44.0,1044.0,0.0,0.0,0.0,0.0,19.104379,72.906079,100.0,ON,OK,0,-31.0,-31.6,1,161659,060626
HAB-MUM-01,94,16:07:07,2026-06-06T16:07:07.477470,-30.4,10.0,56.6,27720.9,2.32,-44.0,-25.0,983.0,0.0,0.0,0.0,0.0,19.103721,72.905421,100.0,ON,OK,0,-31.0,-30.7,1,160707,060626
HAB-MUM-01,94,16:13:59,2026-06-06T16:13:59.599701,-32.9,10.0,56.7,28992.3,3.94,19.0,19.0,1028.0,0.0,0.0,0.0,0.0,19.104992,72.906692,100.0,ON,OK,0,-32.9,-32.7,1,161359,060626
HAB-MUM-01,94,16:17:00,2026-06-06T16:17:00.848663,-32.4,10.0,56.4,28725.2,3.66,35.0,67.0,1007.0,0.0,0.0,0.0,0.0,19.104725,72.906425,100.0,ON,OK,0,-31.6,-31.9,1,161700,060626
HAB-MUM-01,95,16:07:08,2026-06-06T16:07:08.485622,-30.8,10.0,56.7,27945.8,2.56,-14.0,-79.0,1014.0,0.0,0.0,0.0,0.0,19.103946,72.905646,100.0,ON,OK,0,-30.1,-30.8,1,160708,060626
HAB-MUM-01,95,16:14:00,2026-06-06T16:14:00.606418,-33.4,10.0,65.5,29212.5,3.05,73.0,57.0,990.0,0.0,0.0,0.0,0.0,19.105213,72.906913,100.0,ON,OK,0,-33.9,-33.6,1,161400,060626
HAB-MUM-01,95,16:17:01,2026-06-06T16:17:01.855687,-33.1,10.0,56.4,29091.3,0.5,41.0,-19.0,975.0,0.0,0.0,0.0,0.0,19.105091,72.906791,100.0,ON,OK,0,-33.5,-33.4,1,161701,060626
HAB-MUM-01,96,16:07:09,2026-06-06T16:07:09.494757,-31.6,10.0,60.8,28312.1,1.72,32.0,-19.0,1000.0,0.0,0.0,0.0,0.0,19.104312,72.906012,100.0,ON,OK,0,-32.0,-32.1,1,160709,060626
HAB-MUM-01,96,16:14:01,2026-06-06T16:14:01.615497,-33.9,10.0,46.4,29468.4,0.72,90.0,-73.0,955.0,0.0,0.0,0.0,0.0,19.105468,72.907168,100.0,ON,OK,0,-34.5,-33.7,1,161401,060626
HAB-MUM-01,96,16:17:02,2026-06-06T16:17:02.862391,-33.7,10.0,64.7,29392.9,2.94,70.0,-28.0,987.0,0.0,0.0,0.0,0.0,19.105393,72.907093,100.0,ON,OK,0,-33.0,-34.0,1,161702,060626
HAB-MUM-01,97,16:07:10,2026-06-06T16:07:10.501935,-32.3,10.0,53.6,28661.6,1.27,23.0,-93.0,1029.0,0.0,0.0,0.0,0.0,19.104662,72.906362,100.0,ON,OK,0,-31.4,-31.9,1,160710,060626
HAB-MUM-01,97,16:14:02,2026-06-06T16:14:02.629698,-34.4,10.0,59.8,29738.9,3.96,5.0,65.0,1008.0,0.0,0.0,0.0,0.0,19.105739,72.907439,100.0,ON,OK,0,-33.4,-34.7,1,161402,060626
HAB-MUM-01,97,16:17:03,2026-06-06T16:17:03.868195,-34.2,10.0,68.8,29604.4,0.68,-33.0,82.0,1018.0,0.0,0.0,0.0,0.0,19.105604,72.907304,100.0,ON,OK,0,-34.0,-34.1,1,161703,060626
HAB-MUM-01,98,16:07:11,2026-06-06T16:07:11.509358,-32.8,10.0,50.0,28936.9,1.11,41.0,17.0,1001.0,0.0,0.0,0.0,0.0,19.104937,72.906637,100.0,ON,OK,0,-33.1,-33.2,1,160711,060626
HAB-MUM-01,98,16:14:03,2026-06-06T16:14:03.637529,-35.0,10.0,69.1,30000.0,2.39,-94.0,-63.0,961.0,0.0,0.0,0.0,0.0,19.106,72.9077,100.0,ON,OK,0,-35.4,-34.5,1,161403,060626
HAB-MUM-01,98,16:17:04,2026-06-06T16:17:04.873813,-34.8,10.0,56.7,29918.5,2.65,47.0,-99.0,962.0,0.0,0.0,0.0,0.0,19.105919,72.907619,100.0,ON,OK,0,-34.3,-34.7,1,161704,060626
HAB-MUM-01,99,16:07:12,2026-06-06T16:07:12.518190,-33.5,10.0,56.2,29271.5,2.68,-91.0,-17.0,1029.0,0.0,0.0,0.0,0.0,19.105272,72.906972,100.0,ON,OK,0,-32.5,-33.1,1,160712,060626
HAB-MUM-01,99,16:14:04,2026-06-06T16:14:04.646851,-34.0,10.0,69.6,29534.1,0.67,-91.0,0.0,1023.0,0.0,0.0,0.0,0.0,19.105534,72.907234,100.0,ON,OK,0,-33.9,-34.2,1,161404,060626
HAB-MUM-01,99,16:17:05,2026-06-06T16:17:05.881171,-35.0,10.0,64.7,30000.0,3.71,-67.0,97.0,976.0,0.0,0.0,0.0,0.0,19.106,72.9077,100.0,ON,OK,0,-35.4,-35.0,1,161705,060626
HAB-MUM-01,100,16:07:13,2026-06-06T16:07:13.528335,-34.2,10.0,55.8,29622.6,3.38,53.0,-12.0,988.0,0.0,0.0,0.0,0.0,19.105623,72.907323,100.0,ON,OK,0,-34.4,-34.3,1,160713,060626
HAB-MUM-01,100,16:14:05,2026-06-06T16:14:05.651499,-33.1,10.0,49.3,29052.2,1.92,48.0,14.0,1041.0,0.0,0.0,0.0,0.0,19.105052,72.906752,100.0,ON,OK,0,-33.0,-32.8,1,161405,060626
HAB-MUM-01,100,16:17:06,2026-06-06T16:17:06.891799,-34.4,10.0,51.9,29720.8,3.95,52.0,83.0,1041.0,0.0,0.0,0.0,0.0,19.105721,72.907421,100.0,ON,OK,0,-33.8,-34.6,1,161706,060626
HAB-MUM-01,101,16:07:14,2026-06-06T16:07:14.535184,-34.8,10.0,53.1,29902.1,1.54,-72.0,50.0,1001.0,0.0,0.0,0.0,0.0,19.105902,72.907602,100.0,ON,OK,0,-34.7,-35.2,1,160714,060626
HAB-MUM-01,101,16:14:06,2026-06-06T16:14:06.662542,-32.1,10.0,67.5,28574.8,1.27,38.0,-29.0,1005.0,0.0,0.0,0.0,0.0,19.104575,72.906275,100.0,ON,OK,0,-32.1,-32.2,1,161406,060626
HAB-MUM-01,101,16:17:07,2026-06-06T16:17:07.896822,-33.7,10.0,58.3,29382.1,3.07,95.0,3.0,971.0,0.0,0.0,0.0,0.0,19.105382,72.907082,100.0,ON,OK,0,-33.4,-34.0,1,161707,060626
HAB-MUM-01,102,16:07:15,2026-06-06T16:07:15.545794,-35.0,10.0,50.2,30000.0,0.56,91.0,12.0,1013.0,0.0,0.0,0.0,0.0,19.106,72.9077,100.0,ON,OK,0,-34.5,-34.6,1,160715,060626
HAB-MUM-01,102,16:14:07,2026-06-06T16:14:07.668363,-31.1,10.0,50.3,28088.7,2.62,-53.0,6.0,987.0,0.0,0.0,0.0,0.0,19.104089,72.905789,100.0,ON,OK,0,-30.5,-30.9,1,161407,060626
HAB-MUM-01,102,16:17:08,2026-06-06T16:17:08.900804,-33.2,10.0,51.1,29115.0,3.49,-16.0,-4.0,960.0,0.0,0.0,0.0,0.0,19.105115,72.906815,100.0,ON,OK,0,-34.2,-33.0,1,161708,060626
HAB-MUM-01,103,16:07:16,2026-06-06T16:07:16.551926,-34.3,10.0,55.1,29686.8,2.88,-98.0,-60.0,958.0,0.0,0.0,0.0,0.0,19.105687,72.907387,100.0,ON,OK,0,-34.1,-33.8,1,160716,060626
HAB-MUM-01,103,16:14:08,2026-06-06T16:14:08.674211,-30.1,10.0,63.9,27593.5,2.57,-78.0,-57.0,986.0,0.0,0.0,0.0,0.0,19.103594,72.905294,100.0,ON,OK,0,-29.5,-30.0,1,161408,060626
HAB-MUM-01,103,16:17:09,2026-06-06T16:17:09.903660,-32.4,10.0,60.1,28742.3,1.82,-30.0,-29.0,982.0,0.0,0.0,0.0,0.0,19.104742,72.906442,100.0,ON,OK,0,-32.7,-32.6,1,161709,060626
HAB-MUM-01,104,16:07:17,2026-06-06T16:07:17.554705,-33.4,10.0,61.4,29239.5,2.5,86.0,-9.0,953.0,0.0,0.0,0.0,0.0,19.10524,72.90694,100.0,ON,OK,0,-33.4,-33.8,1,160717,060626
HAB-MUM-01,104,16:14:09,2026-06-06T16:14:09.677429,-29.2,10.0,50.2,27119.4,2.18,-29.0,-65.0,985.0,0.0,0.0,0.0,0.0,19.103119,72.904819,100.0,ON,OK,0,-28.5,-29.3,1,161409,060626
HAB-MUM-01,104,16:17:10,2026-06-06T16:17:10.907198,-31.6,10.0,57.9,28338.1,1.17,-9.0,-48.0,1010.0,0.0,0.0,0.0,0.0,19.104338,72.906038,100.0,ON,OK,0,-32.5,-31.3,1,161710,060626
HAB-MUM-01,105,16:07:18,2026-06-06T16:07:18.562074,-32.6,10.0,65.3,28833.3,2.1,25.0,51.0,969.0,0.0,0.0,0.0,0.0,19.104833,72.906533,100.0,ON,OK,0,-32.6,-32.5,1,160718,060626
HAB-MUM-01,105,16:14:10,2026-06-06T16:14:10.680676,-28.5,10.0,50.1,26757.2,2.95,-7.0,40.0,952.0,0.0,0.0,0.0,0.0,19.102757,72.904457,100.0,ON,OK,0,-27.8,-28.3,1,161410,060626
HAB-MUM-01,105,16:17:11,2026-06-06T16:17:11.913187,-30.7,10.0,47.8,27881.4,0.82,93.0,12.0,988.0,0.0,0.0,0.0,0.0,19.103881,72.905581,100.0,ON,OK,0,-29.8,-30.4,1,161711,060626
HAB-MUM-01,106,16:07:19,2026-06-06T16:07:19.565637,-31.9,10.0,63.0,28493.3,0.68,-3.0,-15.0,960.0,0.0,0.0,0.0,0.0,19.104493,72.906193,100.0,ON,OK,0,-30.9,-32.2,1,160719,060626
HAB-MUM-01,106,16:14:11,2026-06-06T16:14:11.688258,-27.6,10.0,45.6,26310.7,0.57,54.0,28.0,996.0,0.0,0.0,0.0,0.0,19.102311,72.904011,100.0,ON,OK,0,-27.1,-27.9,1,161411,060626
HAB-MUM-01,106,16:17:12,2026-06-06T16:17:12.920162,-30.0,10.0,45.4,27520.5,1.89,37.0,85.0,1026.0,0.0,0.0,0.0,0.0,19.103521,72.905221,100.0,ON,OK,0,-30.2,-29.9,1,161712,060626
HAB-MUM-01,107,16:07:20,2026-06-06T16:07:20.572256,-31.0,10.0,64.2,28033.6,3.91,-37.0,-73.0,1041.0,0.0,0.0,0.0,0.0,19.104034,72.905734,100.0,ON,OK,0,-30.5,-31.0,1,160720,060626
HAB-MUM-01,107,16:14:12,2026-06-06T16:14:12.697130,-26.8,10.0,53.8,25940.5,3.15,-71.0,-12.0,970.0,0.0,0.0,0.0,0.0,19.101941,72.903641,100.0,ON,OK,0,-27.4,-27.2,1,161412,060626
HAB-MUM-01,107,16:17:13,2026-06-06T16:17:13.952784,-29.4,10.0,64.8,27212.0,0.95,91.0,66.0,991.0,0.0,0.0,0.0,0.0,19.103212,72.904912,100.0,ON,OK,0,-29.5,-29.8,1,161713,060626
HAB-MUM-01,108,16:07:21,2026-06-06T16:07:21.576034,-30.4,10.0,63.1,27716.5,2.89,80.0,-20.0,985.0,0.0,0.0,0.0,0.0,19.103717,72.905417,100.0,ON,OK,0,-30.6,-30.8,1,160721,060626
HAB-MUM-01,108,16:14:13,2026-06-06T16:14:13.707084,-26.2,10.92,63.6,25609.8,2.19,-6.0,13.0,1033.0,0.0,0.0,0.0,0.0,19.10161,72.90331,100.0,ON,OK,0,-25.9,-25.9,1,161413,060626
HAB-MUM-01,108,16:17:14,2026-06-06T16:17:14.958316,-28.5,10.0,65.2,26772.1,2.16,96.0,-77.0,984.0,0.0,0.0,0.0,0.0,19.102772,72.904472,100.0,ON,OK,0,-28.9,-28.0,1,161714,060626
HAB-MUM-01,109,16:07:22,2026-06-06T16:07:22.580554,-29.5,10.0,48.3,27270.9,2.61,20.0,79.0,1029.0,0.0,0.0,0.0,0.0,19.103271,72.904971,100.0,ON,OK,0,-30.3,-29.0,1,160722,060626
HAB-MUM-01,109,16:14:14,2026-06-06T16:14:14.715002,-25.6,11.88,47.8,25306.3,3.77,-84.0,46.0,1011.0,0.0,0.0,0.0,0.0,19.101306,72.903006,100.0,ON,OK,0,-25.5,-26.0,1,161414,060626
HAB-MUM-01,109,16:17:15,2026-06-06T16:17:15.963120,-27.8,10.0,67.0,26437.6,1.73,-1.0,-97.0,999.0,0.0,0.0,0.0,0.0,19.102438,72.904138,100.0,ON,OK,0,-27.4,-28.0,1,161715,060626
HAB-MUM-01,110,16:07:23,2026-06-06T16:07:23.585267,-28.9,10.0,64.4,26994.4,0.68,47.0,16.0,1035.0,0.0,0.0,0.0,0.0,19.102994,72.904694,100.0,ON,OK,0,-29.4,-28.6,1,160723,060626
HAB-MUM-01,110,16:14:15,2026-06-06T16:14:15.718657,-24.9,13.0,59.7,24978.6,2.34,-39.0,-72.0,1037.0,0.0,0.0,0.0,0.0,19.100979,72.902679,100.0,ON,OK,0,-25.4,-24.4,1,161415,060626
HAB-MUM-01,110,16:17:16,2026-06-06T16:17:16.968390,-26.8,10.0,62.4,25942.6,2.05,-35.0,-47.0,954.0,0.0,0.0,0.0,0.0,19.101943,72.903643,100.0,ON,OK,0,-27.6,-26.4,1,161716,060626
HAB-MUM-01,111,16:07:24,2026-06-06T16:07:24.593582,-28.1,10.0,57.7,26582.3,3.25,75.0,54.0,1000.0,0.0,0.0,0.0,0.0,19.102582,72.904282,100.0,ON,OK,0,-28.5,-28.6,1,160724,060626
HAB-MUM-01,111,16:14:16,2026-06-06T16:14:16.721416,-24.0,14.75,53.0,24508.2,1.04,22.0,5.0,1039.0,0.0,0.0,0.0,0.0,19.100508,72.902208,100.0,ON,OK,0,-24.0,-23.5,1,161416,060626
HAB-MUM-01,111,16:17:17,2026-06-06T16:17:17.975243,-26.2,10.9,62.6,25615.5,2.06,34.0,-23.0,1003.0,0.0,0.0,0.0,0.0,19.101616,72.903316,100.0,ON,OK,0,-25.5,-26.6,1,161717,060626
HAB-MUM-01,112,16:07:25,2026-06-06T16:07:25.600127,-27.2,10.0,58.6,26126.9,1.97,-59.0,-52.0,951.0,0.0,0.0,0.0,0.0,19.102127,72.903827,100.0,ON,OK,0,-26.6,-26.9,1,160725,060626
HAB-MUM-01,112,16:14:17,2026-06-06T16:14:17.725337,-23.2,16.24,48.4,24141.7,3.08,-13.0,63.0,1045.0,0.0,0.0,0.0,0.0,19.100142,72.901842,100.0,ON,OK,0,-23.7,-23.3,1,161417,060626
HAB-MUM-01,112,16:17:18,2026-06-06T16:17:18.981655,-25.5,12.05,52.5,25254.7,1.94,91.0,25.0,1009.0,0.0,0.0,0.0,0.0,19.101255,72.902955,100.0,ON,OK,0,-25.8,-25.3,1,161718,060626
HAB-MUM-01,113,16:07:26,2026-06-06T16:07:26.608011,-26.4,10.64,48.8,25700.7,1.04,64.0,40.0,1039.0,0.0,0.0,0.0,0.0,19.101701,72.903401,100.0,ON,OK,0,-26.2,-26.8,1,160726,060626
HAB-MUM-01,113,16:14:18,2026-06-06T16:14:18.729088,-22.5,17.89,53.0,23764.7,3.9,28.0,25.0,961.0,0.0,0.0,0.0,0.0,19.099765,72.901465,100.0,ON,OK,0,-21.6,-22.4,1,161418,060626
HAB-MUM-01,113,16:17:19,2026-06-06T16:17:19.985483,-24.9,12.96,52.9,24989.7,3.59,-76.0,-67.0,979.0,0.0,0.0,0.0,0.0,19.10099,72.90269,100.0,ON,OK,0,-24.8,-24.9,1,161719,060626
HAB-MUM-01,114,16:07:27,2026-06-06T16:07:27.611617,-25.6,11.82,53.8,25325.5,2.56,-79.0,-66.0,990.0,0.0,0.0,0.0,0.0,19.101326,72.903026,100.0,ON,OK,0,-24.7,-25.6,1,160727,060626
HAB-MUM-01,114,16:14:19,2026-06-06T16:14:19.733056,-21.9,19.14,57.9,23499.1,1.72,-80.0,-78.0,1005.0,0.0,0.0,0.0,0.0,19.099499,72.901199,100.0,ON,OK,0,-22.8,-21.9,1,161419,060626
HAB-MUM-01,114,16:17:20,2026-06-06T16:17:20.989091,-24.3,14.17,50.5,24657.4,2.32,82.0,67.0,988.0,0.0,0.0,0.0,0.0,19.100657,72.902357,100.0,ON,OK,0,-24.7,-24.7,1,161720,060626
HAB-MUM-01,115,16:07:28,2026-06-06T16:07:28.615070,-24.8,13.16,58.2,24933.8,1.15,3.0,65.0,1008.0,0.0,0.0,0.0,0.0,19.100934,72.902634,100.0,ON,OK,0,-24.0,-25.1,1,160728,060626
HAB-MUM-01,115,16:14:20,2026-06-06T16:14:20.740280,-21.2,21.02,45.0,23125.2,1.0,24.0,-37.0,1028.0,0.0,0.0,0.0,0.0,19.099125,72.900825,100.0,ON,OK,0,-21.2,-20.9,1,161420,060626
HAB-MUM-01,115,16:17:21,2026-06-06T16:17:21.994389,-23.5,15.75,65.6,24257.8,1.36,3.0,84.0,1030.0,0.0,0.0,0.0,0.0,19.100258,72.901958,100.0,ON,OK,0,-22.7,-23.1,1,161721,060626
HAB-MUM-01,116,16:07:29,2026-06-06T16:07:29.620698,-23.9,14.97,61.1,24451.3,2.7,-13.0,59.0,1044.0,0.0,0.0,0.0,0.0,19.100451,72.902151,100.0,ON,OK,0,-23.6,-24.4,1,160729,060626
HAB-MUM-01,116,16:14:21,2026-06-06T16:14:21.746848,-20.7,22.36,61.0,22875.1,3.48,52.0,-92.0,1025.0,0.0,0.0,0.0,0.0,19.098875,72.900575,100.0,ON,OK,0,-20.6,-20.8,1,161421,060626
HAB-MUM-01,116,16:17:22,2026-06-06T16:17:22.997668,-22.8,17.27,59.3,23902.8,2.97,1.0,51.0,966.0,0.0,0.0,0.0,0.0,19.099903,72.901603,100.0,ON,OK,0,-22.4,-22.7,1,161722,060626
HAB-MUM-01,117,16:07:30,2026-06-06T16:07:30.624777,-22.9,16.97,66.7,23971.4,2.72,-5.0,-84.0,1022.0,0.0,0.0,0.0,0.0,19.099971,72.901671,100.0,ON,OK,0,-22.9,-23.1,1,160730,060626
HAB-MUM-01,117,16:14:22,2026-06-06T16:14:22.752372,-20.2,23.87,65.9,22605.1,1.93,-3.0,67.0,1049.0,0.0,0.0,0.0,0.0,19.098605,72.900305,100.0,ON,OK,0,-20.0,-20.3,1,161422,060626
HAB-MUM-01,117,16:17:24,2026-06-06T16:17:24.000906,-21.8,19.56,50.8,23413.0,1.26,17.0,69.0,965.0,0.0,0.0,0.0,0.0,19.099413,72.901113,100.0,ON,OK,0,-21.5,-21.3,1,161723,060626
HAB-MUM-01,118,16:07:31,2026-06-06T16:07:31.632977,-22.0,18.96,65.6,23537.5,1.24,0.0,93.0,1044.0,0.0,0.0,0.0,0.0,19.099538,72.901238,100.0,ON,OK,0,-22.2,-21.9,1,160731,060626
HAB-MUM-01,118,16:14:23,2026-06-06T16:14:23.755794,-19.7,25.38,51.9,22350.2,1.62,13.0,67.0,1029.0,0.0,0.0,0.0,0.0,19.09835,72.90005,100.0,ON,OK,0,-20.1,-19.7,1,161423,060626
HAB-MUM-01,118,16:17:25,2026-06-06T16:17:25.004685,-20.9,21.86,49.1,22967.1,1.05,48.0,43.0,980.0,0.0,0.0,0.0,0.0,19.098967,72.900667,100.0,ON,OK,0,-21.1,-20.4,1,161725,060626
HAB-MUM-01,119,16:07:32,2026-06-06T16:07:32.643784,-21.4,20.58,65.3,23210.7,1.46,-69.0,52.0,1012.0,0.0,0.0,0.0,0.0,19.099211,72.900911,100.0,ON,OK,0,-20.6,-21.6,1,160732,060626
HAB-MUM-01,119,16:14:24,2026-06-06T16:14:24.764681,-19.1,27.13,68.8,22070.3,1.74,83.0,71.0,1033.0,0.0,0.0,0.0,0.0,19.09807,72.89977,100.0,ON,OK,0,-18.7,-19.6,1,161424,060626
HAB-MUM-01,119,16:17:26,2026-06-06T16:17:26.015390,-20.0,24.37,68.4,22520.7,2.73,19.0,47.0,954.0,0.0,0.0,0.0,0.0,19.098521,72.900221,100.0,ON,OK,0,-20.5,-19.8,1,161726,060626
HAB-MUM-01,120,16:07:33,2026-06-06T16:07:33.654193,-20.8,22.19,52.4,22906.3,1.84,-4.0,-8.0,987.0,0.0,0.0,0.0,0.0,19.098906,72.900606,100.0,ON,OK,0,-20.3,-20.9,1,160733,060626
HAB-MUM-01,120,16:14:25,2026-06-06T16:14:25.771236,-18.2,29.98,60.0,21642.9,1.76,78.0,-33.0,1026.0,0.0,0.0,0.0,0.0,19.097643,72.899343,100.0,ON,OK,0,-17.8,-17.9,1,161425,060626
HAB-MUM-01,120,16:17:27,2026-06-06T16:17:27.022952,-19.5,25.95,45.8,22257.4,3.99,2.0,-81.0,998.0,0.0,0.0,0.0,0.0,19.098257,72.899957,100.0,ON,OK,0,-20.4,-19.6,1,161727,060626
HAB-MUM-01,121,16:07:34,2026-06-06T16:07:34.662970,-19.9,24.73,54.8,22459.3,2.56,80.0,97.0,1010.0,0.0,0.0,0.0,0.0,19.098459,72.900159,100.0,ON,OK,0,-20.1,-20.1,1,160734,060626
HAB-MUM-01,121,16:14:26,2026-06-06T16:14:26.774959,-17.3,33.49,53.0,21160.2,2.83,7.0,-18.0,962.0,0.0,0.0,0.0,0.0,19.09716,72.89886,100.0,ON,OK,0,-16.8,-17.5,1,161426,060626
HAB-MUM-01,121,16:17:28,2026-06-06T16:17:28.034374,-18.5,29.13,63.0,21766.5,3.72,96.0,-12.0,1013.0,0.0,0.0,0.0,0.0,19.097767,72.899467,100.0,ON,OK,0,-18.1,-18.3,1,161728,060626
HAB-MUM-01,122,16:07:35,2026-06-06T16:07:35.672595,-18.9,27.59,61.2,21998.8,2.31,7.0,-78.0,1020.0,0.0,0.0,0.0,0.0,19.097999,72.899699,100.0,ON,OK,0,-19.3,-18.6,1,160735,060626
HAB-MUM-01,122,16:14:27,2026-06-06T16:14:27.782113,-16.6,36.03,52.5,20835.4,1.35,68.0,55.0,994.0,0.0,0.0,0.0,0.0,19.096835,72.898535,100.0,ON,OK,0,-17.3,-16.6,1,161427,060626
HAB-MUM-01,122,16:17:29,2026-06-06T16:17:29.044833,-17.8,31.38,65.4,21445.0,1.44,-88.0,-17.0,955.0,0.0,0.0,0.0,0.0,19.097445,72.899145,100.0,ON,OK,0,-18.7,-18.1,1,161729,060626
HAB-MUM-01,123,16:07:36,2026-06-06T16:07:36.681415,-18.2,30.27,52.8,21601.4,3.34,-70.0,23.0,966.0,0.0,0.0,0.0,0.0,19.097601,72.899301,100.0,ON,OK,0,-19.0,-18.0,1,160736,060626
HAB-MUM-01,123,16:14:28,2026-06-06T16:14:28.787699,-15.6,40.17,69.1,20343.9,3.92,-97.0,-70.0,985.0,0.0,0.0,0.0,0.0,19.096344,72.898044,100.0,ON,OK,0,-15.8,-16.0,1,161428,060626
HAB-MUM-01,123,16:17:30,2026-06-06T16:17:30.054269,-17.2,33.82,57.8,21117.5,1.15,93.0,-17.0,961.0,0.0,0.0,0.0,0.0,19.097118,72.898818,100.0,ON,OK,0,-18.2,-17.2,1,161730,060626
HAB-MUM-01,124,16:07:37,2026-06-06T16:07:37.690864,-17.6,32.35,51.6,21311.8,2.28,-13.0,-52.0,1018.0,0.0,0.0,0.0,0.0,19.097312,72.899012,100.0,ON,OK,0,-18.2,-17.4,1,160737,060626
HAB-MUM-01,124,16:14:29,2026-06-06T16:14:29.793655,-15.0,43.04,46.2,20027.7,3.57,-26.0,-14.0,956.0,0.0,0.0,0.0,0.0,19.096028,72.897728,100.0,ON,OK,0,-15.3,-15.2,1,161429,060626
HAB-MUM-01,124,16:17:31,2026-06-06T16:17:31.065689,-16.6,36.27,66.8,20806.5,2.56,-48.0,-3.0,978.0,0.0,0.0,0.0,0.0,19.096807,72.898507,100.0,ON,OK,0,-16.2,-16.1,1,161731,060626
HAB-MUM-01,125,16:07:38,2026-06-06T16:07:38.698711,-16.8,35.16,49.6,20944.2,2.0,28.0,-46.0,957.0,0.0,0.0,0.0,0.0,19.096944,72.898644,100.0,ON,OK,0,-16.8,-17.0,1,160738,060626
HAB-MUM-01,125,16:14:30,2026-06-06T16:14:30.799119,-14.3,46.64,59.8,19652.7,3.96,42.0,-51.0,989.0,0.0,0.0,0.0,0.0,19.095653,72.897353,100.0,ON,OK,0,-14.0,-14.5,1,161430,060626
HAB-MUM-01,125,16:17:32,2026-06-06T16:17:32.071969,-15.7,39.83,59.9,20383.7,2.54,-12.0,-31.0,996.0,0.0,0.0,0.0,0.0,19.096384,72.898084,100.0,ON,OK,0,-15.9,-15.2,1,161732,060626
HAB-MUM-01,126,16:07:39,2026-06-06T16:07:39.706157,-16.0,38.46,50.8,20542.5,2.69,-42.0,8.0,989.0,0.0,0.0,0.0,0.0,19.096543,72.898243,100.0,ON,OK,0,-15.5,-15.6,1,160739,060626
HAB-MUM-01,126,16:14:31,2026-06-06T16:14:31.804681,-13.6,49.79,55.8,19344.0,3.14,92.0,-55.0,986.0,0.0,0.0,0.0,0.0,19.095344,72.897044,100.0,ON,OK,0,-14.1,-13.5,1,161431,060626
HAB-MUM-01,126,16:17:33,2026-06-06T16:17:33.079164,-15.2,42.3,49.2,20107.0,1.14,-89.0,97.0,1042.0,0.0,0.0,0.0,0.0,19.096107,72.897807,100.0,ON,OK,0,-15.8,-15.4,1,161733,060626
HAB-MUM-01,127,16:07:40,2026-06-06T16:07:40.712388,-15.3,41.48,68.2,20197.3,2.41,-28.0,-56.0,975.0,0.0,0.0,0.0,0.0,19.096197,72.897897,100.0,ON,OK,0,-16.2,-15.5,1,160740,060626
HAB-MUM-01,127,16:14:32,2026-06-06T16:14:32.810276,-12.8,54.3,59.7,18928.4,3.41,96.0,45.0,1001.0,0.0,0.0,0.0,0.0,19.094928,72.896628,100.0,ON,OK,0,-12.5,-12.3,1,161432,060626
HAB-MUM-01,127,16:17:34,2026-06-06T16:17:34.087290,-14.3,46.23,46.6,19694.9,3.62,-56.0,-67.0,1027.0,0.0,0.0,0.0,0.0,19.095695,72.897395,100.0,ON,OK,0,-14.2,-14.8,1,161734,060626
HAB-MUM-01,128,16:07:41,2026-06-06T16:07:41.720523,-14.4,45.86,63.6,19731.8,1.33,-91.0,66.0,995.0,0.0,0.0,0.0,0.0,19.095732,72.897432,100.0,ON,OK,0,-13.4,-14.1,1,160741,060626
HAB-MUM-01,128,16:14:33,2026-06-06T16:14:33.813093,-12.2,57.62,58.4,18640.4,1.23,-35.0,91.0,1009.0,0.0,0.0,0.0,0.0,19.09464,72.89634,100.0,ON,OK,0,-12.1,-11.8,1,161433,060626
HAB-MUM-01,128,16:17:35,2026-06-06T16:17:35.097782,-13.5,50.69,58.6,19258.6,3.04,90.0,10.0,1046.0,0.0,0.0,0.0,0.0,19.095259,72.896959,100.0,ON,OK,0,-14.5,-13.6,1,161735,060626
HAB-MUM-01,129,16:07:42,2026-06-06T16:07:42.725075,-13.7,49.34,62.2,19387.7,3.98,-88.0,-84.0,1005.0,0.0,0.0,0.0,0.0,19.095388,72.897088,100.0,ON,OK,0,-14.3,-13.3,1,160742,060626
HAB-MUM-01,129,16:14:34,2026-06-06T16:14:34.816862,-11.7,60.63,67.0,18389.8,1.84,99.0,10.0,1011.0,0.0,0.0,0.0,0.0,19.09439,72.89609,100.0,ON,OK,0,-11.1,-12.2,1,161434,060626
HAB-MUM-01,129,16:17:36,2026-06-06T16:17:36.105339,-12.9,53.58,55.3,18992.7,3.77,38.0,32.0,1040.0,0.0,0.0,0.0,0.0,19.094993,72.896693,100.0,ON,OK,0,-12.4,-12.9,1,161736,060626
HAB-MUM-01,130,16:07:43,2026-06-06T16:07:43.731890,-13.0,53.44,69.4,19005.7,3.69,93.0,10.0,961.0,0.0,0.0,0.0,0.0,19.095006,72.896706,100.0,ON,OK,0,-14.0,-13.4,1,160743,060626
HAB-MUM-01,130,16:14:35,2026-06-06T16:14:35.820878,-10.9,66.02,59.4,17966.0,3.32,47.0,59.0,1016.0,0.0,0.0,0.0,0.0,19.093966,72.895666,100.0,ON,OK,0,-10.8,-10.9,1,161435,060626
HAB-MUM-01,130,16:17:37,2026-06-06T16:17:37.109237,-12.2,57.58,59.3,18643.9,2.94,59.0,37.0,1018.0,0.0,0.0,0.0,0.0,19.094644,72.896344,100.0,ON,OK,0,-12.9,-12.7,1,161737,060626
HAB-MUM-01,131,16:07:44,2026-06-06T16:07:44.737619,-12.1,58.13,54.0,18596.7,3.62,-17.0,-14.0,1033.0,0.0,0.0,0.0,0.0,19.094597,72.896297,100.0,ON,OK,0,-11.3,-11.9,1,160744,060626
HAB-MUM-01,131,16:14:36,2026-06-06T16:14:36.828126,-10.4,69.43,57.6,17712.4,2.87,-56.0,19.0,1007.0,0.0,0.0,0.0,0.0,19.093712,72.895412,100.0,ON,OK,0,-11.2,-10.2,1,161436,060626
HAB-MUM-01,131,16:17:38,2026-06-06T16:17:38.113019,-11.5,62.36,55.2,18251.1,2.5,50.0,52.0,955.0,0.0,0.0,0.0,0.0,19.094251,72.895951,100.0,ON,OK,0,-11.5,-11.2,1,161738,060626
HAB-MUM-01,132,16:07:45,2026-06-06T16:07:45.744914,-11.6,61.23,68.0,18341.2,2.83,-94.0,7.0,1040.0,0.0,0.0,0.0,0.0,19.094341,72.896041,100.0,ON,OK,0,-12.2,-12.1,1,160745,060626
HAB-MUM-01,132,16:14:37,2026-06-06T16:14:37.836497,-9.4,76.04,67.4,17247.5,3.79,-51.0,-1.0,1003.0,0.0,0.0,0.0,0.0,19.093248,72.894948,100.0,ON,OK,0,-9.7,-8.9,1,161437,060626
HAB-MUM-01,132,16:17:39,2026-06-06T16:17:39.116744,-10.5,68.26,63.6,17798.3,0.85,-35.0,42.0,1017.0,0.0,0.0,0.0,0.0,19.093798,72.895498,100.0,ON,OK,0,-10.1,-10.0,1,161739,060626
HAB-MUM-01,133,16:07:46,2026-06-06T16:07:46.753101,-10.9,65.59,65.7,17999.2,2.76,90.0,16.0,1020.0,0.0,0.0,0.0,0.0,19.093999,72.895699,100.0,ON,OK,0,-10.7,-10.8,1,160746,060626
HAB-MUM-01,133,16:14:38,2026-06-06T16:14:38.842255,-8.7,81.47,50.4,16890.1,3.79,23.0,-30.0,977.0,0.0,0.0,0.0,0.0,19.09289,72.89459,100.0,ON,OK,0,-7.9,-8.5,1,161438,060626
HAB-MUM-01,133,16:17:40,2026-06-06T16:17:40.119614,-10.0,72.1,61.8,17520.4,3.37,-57.0,72.0,983.0,0.0,0.0,0.0,0.0,19.09352,72.89522,100.0,ON,OK,0,-9.2,-10.2,1,161740,060626
HAB-MUM-01,134,16:07:47,2026-06-06T16:07:47.758332,-10.2,70.77,59.1,17615.7,1.69,89.0,-78.0,1038.0,0.0,0.0,0.0,0.0,19.093616,72.895316,100.0,ON,OK,0,-9.9,-10.5,1,160747,060626
HAB-MUM-01,134,16:14:39,2026-06-06T16:14:39.851497,-7.8,89.28,69.7,16407.8,1.11,-79.0,35.0,997.0,0.0,0.0,0.0,0.0,19.092408,72.894108,100.0,ON,OK,0,-8.4,-7.5,1,161439,060626
HAB-MUM-01,134,16:17:41,2026-06-06T16:17:41.123444,-9.1,78.58,67.5,17078.1,1.37,8.0,-61.0,971.0,0.0,0.0,0.0,0.0,19.093078,72.894778,100.0,ON,OK,0,-9.3,-9.4,1,161741,060626
HAB-MUM-01,135,16:07:48,2026-06-06T16:07:48.766618,-9.2,77.8,58.3,17129.8,3.44,-64.0,-52.0,995.0,0.0,0.0,0.0,0.0,19.09313,72.89483,100.0,ON,OK,0,-9.7,-9.2,1,160748,060626
HAB-MUM-01,135,16:14:40,2026-06-06T16:14:40.859521,-7.0,95.64,50.6,16039.9,3.2,-9.0,-33.0,1006.0,0.0,0.0,0.0,0.0,19.09204,72.89374,100.0,ON,OK,0,-6.3,-6.7,1,161440,060626
HAB-MUM-01,135,16:17:42,2026-06-06T16:17:42.128026,-8.2,85.36,66.2,16645.4,3.39,84.0,-47.0,1029.0,0.0,0.0,0.0,0.0,19.092645,72.894345,100.0,ON,OK,0,-8.7,-8.6,1,161742,060626
HAB-MUM-01,136,16:07:49,2026-06-06T16:07:49.776218,-8.5,83.24,69.5,16777.7,2.81,38.0,53.0,954.0,0.0,0.0,0.0,0.0,19.092778,72.894478,100.0,ON,OK,0,-9.1,-8.2,1,160749,060626
HAB-MUM-01,136,16:14:41,2026-06-06T16:14:41.868724,-6.3,101.96,61.9,15693.0,3.91,-42.0,-4.0,984.0,0.0,0.0,0.0,0.0,19.091693,72.893393,100.0,ON,OK,0,-6.2,-6.8,1,161441,060626
HAB-MUM-01,136,16:17:43,2026-06-06T16:17:43.141123,-7.7,89.68,60.2,16384.2,3.26,38.0,-68.0,1018.0,0.0,0.0,0.0,0.0,19.092384,72.894084,100.0,ON,OK,0,-7.5,-7.2,1,161743,060626
HAB-MUM-01,137,16:07:50,2026-06-06T16:07:50.786639,-7.5,91.44,45.5,16280.4,3.05,-56.0,96.0,1010.0,0.0,0.0,0.0,0.0,19.09228,72.89398,100.0,ON,OK,0,-6.8,-8.0,1,160750,060626
HAB-MUM-01,137,16:14:42,2026-06-06T16:14:42.876138,-5.7,108.4,63.9,15357.5,1.87,5.0,1.0,1040.0,0.0,0.0,0.0,0.0,19.091358,72.893058,100.0,ON,OK,0,-6.1,-5.8,1,161442,060626
HAB-MUM-01,137,16:17:44,2026-06-06T16:17:44.150633,-6.8,97.93,50.1,15912.1,3.71,-87.0,37.0,1040.0,0.0,0.0,0.0,0.0,19.091912,72.893612,100.0,ON,OK,0,-6.5,-6.5,1,161744,060626
HAB-MUM-01,138,16:07:51,2026-06-06T16:07:51.796141,-6.9,96.52,51.9,15990.2,0.88,-95.0,43.0,981.0,0.0,0.0,0.0,0.0,19.09199,72.89369,100.0,ON,OK,0,-6.7,-6.9,1,160751,060626
HAB-MUM-01,138,16:14:43,2026-06-06T16:14:43.885254,-5.0,114.99,68.4,15030.3,3.67,-30.0,44.0,972.0,0.0,0.0,0.0,0.0,19.09103,72.89273,100.0,ON,OK,0,-4.8,-4.6,1,161443,060626
HAB-MUM-01,138,16:17:45,2026-06-06T16:17:45.161649,-6.1,104.62,47.6,15552.4,2.86,-66.0,96.0,998.0,0.0,0.0,0.0,0.0,19.091552,72.893252,100.0,ON,OK,0,-5.7,-5.9,1,161745,060626
HAB-MUM-01,139,16:07:52,2026-06-06T16:07:52.806609,-6.3,102.14,50.8,15683.7,3.15,18.0,-24.0,966.0,0.0,0.0,0.0,0.0,19.091684,72.893384,100.0,ON,OK,0,-7.2,-5.8,1,160752,060626
HAB-MUM-01,139,16:14:44,2026-06-06T16:14:44.891141,-4.1,124.17,46.6,14598.9,0.74,-77.0,-5.0,957.0,0.0,0.0,0.0,0.0,19.090599,72.892299,100.0,ON,OK,0,-3.1,-3.9,1,161444,060626
HAB-MUM-01,139,16:17:46,2026-06-06T16:17:46.171226,-5.3,112.49,64.1,15152.8,1.4,-79.0,71.0,1019.0,0.0,0.0,0.0,0.0,19.091153,72.892853,100.0,ON,OK,0,-4.8,-5.0,1,161746,060626
HAB-MUM-01,140,16:07:53,2026-06-06T16:07:53.816886,-5.5,109.85,63.7,15284.0,3.79,-42.0,97.0,958.0,0.0,0.0,0.0,0.0,19.091284,72.892984,100.0,ON,OK,0,-5.7,-5.2,1,160753,060626
HAB-MUM-01,140,16:14:45,2026-06-06T16:14:45.900110,-3.4,132.05,63.5,14248.7,1.4,-66.0,82.0,962.0,0.0,0.0,0.0,0.0,19.090249,72.891949,100.0,ON,OK,0,-3.3,-3.9,1,161445,060626
HAB-MUM-01,140,16:17:47,2026-06-06T16:17:47.177098,-4.6,118.79,63.0,14848.7,1.73,-31.0,62.0,1042.0,0.0,0.0,0.0,0.0,19.090849,72.892549,100.0,ON,OK,0,-3.8,-4.6,1,161747,060626
HAB-MUM-01,141,16:07:54,2026-06-06T16:07:54.825651,-4.8,117.13,49.4,14927.2,0.68,-66.0,20.0,1049.0,0.0,0.0,0.0,0.0,19.090927,72.892627,100.0,ON,OK,0,-5.2,-4.7,1,160754,060626
HAB-MUM-01,141,16:14:46,2026-06-06T16:14:46.905929,-2.6,142.66,57.8,13803.2,2.51,2.0,-85.0,961.0,0.0,0.0,0.0,0.0,19.089803,72.891503,100.0,ON,OK,0,-3.0,-2.4,1,161446,060626
HAB-MUM-01,141,16:17:48,2026-06-06T16:17:48.182782,-3.9,126.56,58.5,14490.7,0.77,-72.0,66.0,962.0,0.0,0.0,0.0,0.0,19.090491,72.892191,100.0,ON,OK,0,-3.4,-4.2,1,161748,060626
HAB-MUM-01,142,16:07:55,2026-06-06T16:07:55.838558,-4.2,124.08,63.7,14602.9,1.93,25.0,46.0,1025.0,0.0,0.0,0.0,0.0,19.090603,72.892303,100.0,ON,OK,0,-4.9,-3.8,1,160755,060626
HAB-MUM-01,142,16:14:47,2026-06-06T16:14:47.917174,-1.9,150.47,56.0,13492.2,1.32,-72.0,11.0,951.0,0.0,0.0,0.0,0.0,19.089492,72.891192,100.0,ON,OK,0,-2.4,-1.4,1,161447,060626
HAB-MUM-01,142,16:17:49,2026-06-06T16:17:49.191048,-3.2,134.56,46.7,14141.1,1.12,-60.0,-33.0,1022.0,0.0,0.0,0.0,0.0,19.090141,72.891841,100.0,ON,OK,0,-2.9,-3.4,1,161749,060626
HAB-MUM-01,143,16:07:56,2026-06-06T16:07:56.851692,-3.5,131.53,49.2,14271.5,0.8,-25.0,22.0,1038.0,0.0,0.0,0.0,0.0,19.090272,72.891972,100.0,ON,OK,0,-4.4,-3.3,1,160756,060626
HAB-MUM-01,143,16:14:48,2026-06-06T16:14:48.921882,-1.2,160.01,57.9,13129.1,2.27,-94.0,-56.0,1044.0,0.0,0.0,0.0,0.0,19.089129,72.890829,100.0,ON,OK,0,-1.3,-1.4,1,161448,060626
HAB-MUM-01,143,16:17:50,2026-06-06T16:17:50.200338,-2.3,146.4,64.7,13652.6,3.66,56.0,15.0,994.0,0.0,0.0,0.0,0.0,19.089653,72.891353,100.0,ON,OK,0,-1.5,-2.1,1,161750,060626
HAB-MUM-01,144,16:07:57,2026-06-06T16:07:57.859677,-2.5,143.1,60.2,13785.2,2.4,-45.0,96.0,1017.0,0.0,0.0,0.0,0.0,19.089785,72.891485,100.0,ON,OK,0,-2.0,-2.5,1,160757,060626
HAB-MUM-01,144,16:14:49,2026-06-06T16:14:49.929877,-0.3,172.52,58.8,12679.0,1.33,96.0,-5.0,1045.0,0.0,0.0,0.0,0.0,19.088679,72.890379,100.0,ON,OK,0,0.2,-0.4,1,161449,060626
HAB-MUM-01,144,16:17:51,2026-06-06T16:17:51.207772,-1.3,159.05,47.4,13165.0,1.74,-38.0,77.0,967.0,0.0,0.0,0.0,0.0,19.089165,72.890865,100.0,ON,OK,0,-1.3,-1.7,1,161751,060626
HAB-MUM-01,145,16:07:58,2026-06-06T16:07:58.869390,-1.6,154.51,47.8,13336.0,1.09,-7.0,40.0,996.0,0.0,0.0,0.0,0.0,19.089336,72.891036,100.0,ON,OK,0,-2.5,-1.3,1,160758,060626
HAB-MUM-01,145,16:14:50,2026-06-06T16:14:50.935942,0.3,182.97,46.7,12322.9,2.59,55.0,83.0,1034.0,0.0,0.0,0.0,0.0,19.088323,72.890023,100.0,ON,OK,0,-0.3,0.5,1,161450,060626
HAB-MUM-01,145,16:17:52,2026-06-06T16:17:52.214292,-0.3,172.19,55.1,12690.6,0.8,-22.0,-93.0,1038.0,0.0,0.0,0.0,0.0,19.088691,72.890391,100.0,ON,OK,0,-1.3,0.1,1,161752,060626
HAB-MUM-01,146,16:07:59,2026-06-06T16:07:59.876519,-1.1,161.49,59.0,13074.3,0.5,32.0,31.0,1002.0,0.0,0.0,0.0,0.0,19.089074,72.890774,100.0,ON,OK,0,-0.2,-0.9,1,160759,060626
HAB-MUM-01,146,16:14:51,2026-06-06T16:14:51.944966,1.1,195.48,47.5,11917.5,0.7,80.0,48.0,994.0,0.0,0.0,0.0,0.0,19.087918,72.889618,100.0,ON,OK,0,1.1,0.6,1,161451,060626
HAB-MUM-01,146,16:17:53,2026-06-06T16:17:53.219550,0.3,182.74,66.6,12330.6,3.63,95.0,-26.0,977.0,0.0,0.0,0.0,0.0,19.088331,72.890031,100.0,ON,OK,0,-0.6,-0.1,1,161753,060626
HAB-MUM-01,147,16:08:00,2026-06-06T16:08:00.885361,-0.4,171.07,53.7,12729.7,2.18,45.0,-45.0,975.0,0.0,0.0,0.0,0.0,19.08873,72.89043,100.0,ON,OK,0,-0.8,-0.3,1,160800,060626
HAB-MUM-01,147,16:14:52,2026-06-06T16:14:52.952934,1.8,206.37,61.0,11581.2,2.54,46.0,64.0,1011.0,0.0,0.0,0.0,0.0,19.087581,72.889281,100.0,ON,OK,0,0.8,2.1,1,161452,060626
HAB-MUM-01,147,16:17:54,2026-06-06T16:17:54.227646,0.9,191.37,59.9,12048.2,1.53,-50.0,-15.0,1031.0,0.0,0.0,0.0,0.0,19.088048,72.889748,100.0,ON,OK,0,1.1,1.3,1,161754,060626
HAB-MUM-01,148,16:08:01,2026-06-06T16:08:01.893436,0.3,183.06,56.2,12319.9,3.41,29.0,22.0,996.0,0.0,0.0,0.0,0.0,19.08832,72.89002,100.0,ON,OK,0,0.4,0.4,1,160801,060626
HAB-MUM-01,148,16:14:53,2026-06-06T16:14:53.956441,2.6,220.68,61.2,11160.8,1.94,84.0,12.0,1029.0,0.0,0.0,0.0,0.0,19.087161,72.888861,100.0,ON,OK,0,2.2,2.7,1,161453,060626
HAB-MUM-01,148,16:17:55,2026-06-06T16:17:55.233528,1.8,206.66,52.2,11572.7,1.1,-70.0,-88.0,1022.0,0.0,0.0,0.0,0.0,19.087573,72.889273,100.0,ON,OK,0,1.5,1.5,1,161755,060626
HAB-MUM-01,149,16:08:02,2026-06-06T16:08:02.897527,1.3,198.46,51.0,11824.2,2.84,-55.0,89.0,973.0,0.0,0.0,0.0,0.0,19.087824,72.889524,100.0,ON,OK,0,0.8,1.2,1,160802,060626
HAB-MUM-01,149,16:14:54,2026-06-06T16:14:54.960223,3.6,238.68,52.4,10662.4,2.13,-77.0,96.0,1043.0,0.0,0.0,0.0,0.0,19.086662,72.888362,100.0,ON,OK,0,4.3,3.3,1,161454,060626
HAB-MUM-01,149,16:17:56,2026-06-06T16:17:56.243662,2.3,215.2,60.9,11319.1,0.72,18.0,20.0,1011.0,0.0,0.0,0.0,0.0,19.087319,72.889019,100.0,ON,OK,0,2.3,2.3,1,161756,060626
HAB-MUM-01,150,16:08:03,2026-06-06T16:08:03.901964,2.0,210.48,58.9,11458.3,2.38,0.0,8.0,986.0,0.0,0.0,0.0,0.0,19.087458,72.889158,100.0,ON,OK,0,2.9,1.9,1,160803,060626
HAB-MUM-01,150,16:14:55,2026-06-06T16:14:55.963701,4.4,253.53,61.9,10273.4,3.61,-69.0,94.0,1037.0,0.0,0.0,0.0,0.0,19.086273,72.887973,100.0,ON,OK,0,4.4,4.8,1,161455,060626
HAB-MUM-01,150,16:17:57,2026-06-06T16:17:57.254284,3.3,231.91,63.5,10846.2,2.77,-46.0,-92.0,1049.0,0.0,0.0,0.0,0.0,19.086846,72.888546,100.0,ON,OK,0,2.7,3.1,1,161757,060626
HAB-MUM-01,151,16:08:04,2026-06-06T16:08:04.909232,2.8,223.95,52.9,11068.0,2.71,-72.0,34.0,1015.0,0.0,0.0,0.0,0.0,19.087068,72.888768,100.0,ON,OK,0,2.6,3.3,1,160804,060626
HAB-MUM-01,151,16:14:56,2026-06-06T16:14:56.966848,5.2,270.24,61.2,9857.1,2.79,67.0,47.0,1046.0,0.0,0.0,0.0,0.0,19.085857,72.887557,100.0,ON,OK,0,6.0,5.2,1,161456,060626
HAB-MUM-01,151,16:17:58,2026-06-06T16:17:58.263741,4.2,249.52,52.3,10376.4,1.03,49.0,9.0,950.0,0.0,0.0,0.0,0.0,19.086376,72.888076,100.0,ON,OK,0,3.7,4.0,1,161758,060626
HAB-MUM-01,152,16:08:05,2026-06-06T16:08:05.927005,3.5,237.19,46.4,10702.4,0.84,72.0,19.0,959.0,0.0,0.0,0.0,0.0,19.086702,72.888402,100.0,ON,OK,0,4.0,3.0,1,160805,060626
HAB-MUM-01,152,16:14:57,2026-06-06T16:14:57.972539,6.2,291.2,61.9,9363.8,3.93,26.0,2.0,1010.0,0.0,0.0,0.0,0.0,19.085364,72.887064,100.0,ON,OK,0,5.7,6.7,1,161457,060626
HAB-MUM-01,152,16:17:59,2026-06-06T16:17:59.272386,5.1,266.88,51.4,9939.0,1.92,-40.0,17.0,1008.0,0.0,0.0,0.0,0.0,19.085939,72.887639,100.0,ON,OK,0,4.1,5.0,1,161759,060626
HAB-MUM-01,153,16:08:06,2026-06-06T16:08:06.934036,4.3,251.93,57.7,10314.4,1.24,-92.0,72.0,1004.0,0.0,0.0,0.0,0.0,19.086314,72.888014,100.0,ON,OK,0,3.6,4.1,1,160806,060626
HAB-MUM-01,153,16:14:58,2026-06-06T16:14:58.981755,6.9,305.45,52.0,9044.2,3.09,14.0,17.0,1011.0,0.0,0.0,0.0,0.0,19.085044,72.886744,100.0,ON,OK,0,7.5,7.3,1,161458,060626
HAB-MUM-01,153,16:18:00,2026-06-06T16:18:00.282806,5.8,283.0,61.5,9553.1,3.34,7.0,19.0,994.0,0.0,0.0,0.0,0.0,19.085553,72.887253,100.0,ON,OK,0,6.2,5.8,1,161800,060626
HAB-MUM-01,154,16:08:07,2026-06-06T16:08:07.937027,5.0,265.38,62.8,9976.0,2.72,-70.0,-34.0,987.0,0.0,0.0,0.0,0.0,19.085976,72.887676,100.0,ON,OK,0,4.9,4.7,1,160807,060626
HAB-MUM-01,154,16:14:59,2026-06-06T16:14:59.988996,7.5,321.04,46.8,8708.4,1.8,71.0,36.0,995.0,0.0,0.0,0.0,0.0,19.084708,72.886408,100.0,ON,OK,0,8.4,7.9,1,161459,060626
HAB-MUM-01,154,16:18:01,2026-06-06T16:18:01.295209,6.6,299.35,60.6,9179.4,1.98,-41.0,-32.0,1031.0,0.0,0.0,0.0,0.0,19.085179,72.886879,100.0,ON,OK,0,6.6,6.7,1,161801,060626
HAB-MUM-01,155,16:08:08,2026-06-06T16:08:08.944089,5.9,284.4,62.4,9520.6,1.89,97.0,-99.0,1003.0,0.0,0.0,0.0,0.0,19.085521,72.887221,100.0,ON,OK,0,6.2,5.7,1,160808,060626
HAB-MUM-01,155,16:15:00,2026-06-06T16:15:00.995085,8.5,344.21,56.9,8232.9,2.14,61.0,46.0,1008.0,0.0,0.0,0.0,0.0,19.084233,72.885933,100.0,ON,OK,0,7.8,8.2,1,161500,060626
HAB-MUM-01,155,16:18:02,2026-06-06T16:18:02.303364,7.3,315.0,61.7,8837.0,0.94,42.0,31.0,974.0,0.0,0.0,0.0,0.0,19.084837,72.886537,100.0,ON,OK,0,6.9,7.5,1,161802,060626
HAB-MUM-01,156,16:15:02,2026-06-06T16:15:02.000614,9.2,363.82,60.8,7850.4,2.68,-100.0,26.0,961.0,0.0,0.0,0.0,0.0,19.08385,72.88555,100.0,ON,OK,0,9.6,9.7,1,161501,060626
HAB-MUM-01,156,16:18:03,2026-06-06T16:18:03.309869,7.9,329.28,54.7,8536.2,2.82,56.0,88.0,953.0,0.0,0.0,0.0,0.0,19.084536,72.886236,100.0,ON,OK,0,7.3,7.6,1,161803,060626
HAB-MUM-01,157,16:15:03,2026-06-06T16:15:03.007759,10.0,383.81,67.3,7477.1,2.35,-85.0,30.0,969.0,0.0,0.0,0.0,0.0,19.083477,72.885177,100.0,ON,OK,0,9.8,10.2,1,161503,060626
HAB-MUM-01,157,16:18:04,2026-06-06T16:18:04.315325,8.9,353.68,50.1,8046.1,3.35,-51.0,87.0,1018.0,0.0,0.0,0.0,0.0,19.084046,72.885746,100.0,ON,OK,0,9.8,9.0,1,161804,060626
HAB-MUM-01,158,16:15:04,2026-06-06T16:15:04.014575,10.8,406.1,61.2,7079.2,1.97,49.0,-55.0,972.0,0.0,0.0,0.0,0.0,19.083079,72.884779,100.0,ON,OK,0,11.1,10.3,1,161504,060626
HAB-MUM-01,158,16:18:05,2026-06-06T16:18:05.320768,9.5,369.2,52.5,7748.3,2.71,12.0,70.0,1001.0,0.0,0.0,0.0,0.0,19.083748,72.885448,100.0,ON,OK,0,10.3,9.6,1,161805,060626
HAB-MUM-01,159,16:15:05,2026-06-06T16:15:05.017997,11.8,434.64,56.4,6594.5,1.61,14.0,32.0,974.0,0.0,0.0,0.0,0.0,19.082595,72.884295,100.0,ON,OK,0,11.9,11.7,1,161505,060626
HAB-MUM-01,159,16:18:06,2026-06-06T16:18:06.325830,10.0,383.78,56.0,7477.7,3.81,23.0,-67.0,1016.0,0.0,0.0,0.0,0.0,19.083478,72.885178,100.0,ON,OK,0,9.2,10.1,1,161806,060626
HAB-MUM-01,160,16:15:06,2026-06-06T16:15:06.021649,12.6,461.21,58.3,6166.1,3.27,-2.0,58.0,972.0,0.0,0.0,0.0,0.0,19.082166,72.883866,100.0,ON,OK,0,13.4,12.1,1,161506,060626
HAB-MUM-01,160,16:18:07,2026-06-06T16:18:07.335911,10.8,405.15,58.7,7095.7,2.67,98.0,27.0,961.0,0.0,0.0,0.0,0.0,19.083096,72.884796,100.0,ON,OK,0,11.2,11.3,1,161807,060626
HAB-MUM-01,161,16:15:07,2026-06-06T16:15:07.025860,13.5,488.47,46.1,5746.7,2.64,99.0,38.0,1038.0,0.0,0.0,0.0,0.0,19.081747,72.883447,100.0,ON,OK,0,13.7,13.0,1,161507,060626
HAB-MUM-01,161,16:18:08,2026-06-06T16:18:08.342787,11.6,431.16,59.1,6652.2,3.5,77.0,-63.0,968.0,0.0,0.0,0.0,0.0,19.082652,72.884352,100.0,ON,OK,0,10.9,11.2,1,161808,060626
HAB-MUM-01,162,16:15:08,2026-06-06T16:15:08.030381,14.0,506.77,61.8,5475.7,2.58,21.0,-2.0,1035.0,0.0,0.0,0.0,0.0,19.081476,72.883176,100.0,ON,OK,0,13.4,14.2,1,161508,060626
HAB-MUM-01,162,16:18:09,2026-06-06T16:18:09.353969,12.2,449.09,62.4,6358.9,1.13,-41.0,-63.0,986.0,0.0,0.0,0.0,0.0,19.082359,72.884059,100.0,ON,OK,0,12.2,11.9,1,161809,060626
HAB-MUM-01,163,16:15:09,2026-06-06T16:15:09.037544,15.0,540.55,63.6,4995.7,3.25,31.0,-17.0,973.0,0.0,0.0,0.0,0.0,19.080996,72.882696,100.0,ON,OK,0,14.0,15.5,1,161509,060626
HAB-MUM-01,163,16:18:10,2026-06-06T16:18:10.363538,12.7,465.4,59.3,6100.4,1.11,-62.0,92.0,1002.0,0.0,0.0,0.0,0.0,19.0821,72.8838,100.0,ON,OK,0,12.4,13.1,1,161810,060626
HAB-MUM-01,164,16:15:10,2026-06-06T16:15:10.043560,15.7,567.0,56.7,4636.5,3.83,-45.0,3.0,970.0,0.0,0.0,0.0,0.0,19.080637,72.882337,100.0,ON,OK,0,15.3,15.2,1,161510,060626
HAB-MUM-01,164,16:18:11,2026-06-06T16:18:11.372044,13.6,494.01,47.2,5663.9,3.74,-68.0,-98.0,1013.0,0.0,0.0,0.0,0.0,19.081664,72.883364,100.0,ON,OK,0,14.0,13.9,1,161811,060626
HAB-MUM-01,165,16:15:11,2026-06-06T16:15:11.051367,16.7,604.99,48.5,4143.6,1.97,-97.0,35.0,976.0,0.0,0.0,0.0,0.0,19.080144,72.881844,100.0,ON,OK,0,16.1,17.1,1,161511,060626
HAB-MUM-01,165,16:18:12,2026-06-06T16:18:12.383398,14.3,516.07,51.5,5341.1,2.63,-5.0,45.0,1012.0,0.0,0.0,0.0,0.0,19.081341,72.883041,100.0,ON,OK,0,14.7,14.0,1,161812,060626
HAB-MUM-01,166,16:15:12,2026-06-06T16:15:12.060105,17.2,626.34,68.3,3877.5,2.33,-89.0,55.0,1028.0,0.0,0.0,0.0,0.0,19.079878,72.881578,100.0,ON,OK,0,16.5,17.7,1,161512,060626
HAB-MUM-01,166,16:18:13,2026-06-06T16:18:13.394688,15.1,545.81,52.9,4923.2,3.0,-89.0,-38.0,951.0,0.0,0.0,0.0,0.0,19.080923,72.882623,100.0,ON,OK,0,15.6,15.2,1,161813,060626
HAB-MUM-01,167,16:15:13,2026-06-06T16:15:13.068009,17.7,647.96,61.4,3615.5,1.06,-21.0,-50.0,990.0,0.0,0.0,0.0,0.0,19.079616,72.881316,100.0,ON,OK,0,16.7,17.8,1,161513,060626
HAB-MUM-01,167,16:18:14,2026-06-06T16:18:14.404591,15.8,571.07,55.7,4582.4,2.27,-40.0,36.0,1030.0,0.0,0.0,0.0,0.0,19.080582,72.882282,100.0,ON,OK,0,16.1,15.5,1,161814,060626
HAB-MUM-01,168,16:15:14,2026-06-06T16:15:14.071648,18.3,671.56,56.4,3337.4,1.78,49.0,-85.0,1002.0,0.0,0.0,0.0,0.0,19.079337,72.881037,100.0,ON,OK,0,18.1,17.9,1,161514,060626
HAB-MUM-01,168,16:18:15,2026-06-06T16:18:15.414460,16.7,605.78,45.2,4133.6,1.18,44.0,63.0,1034.0,0.0,0.0,0.0,0.0,19.080134,72.881834,100.0,ON,OK,0,16.7,16.4,1,161815,060626
HAB-MUM-01,169,16:15:15,2026-06-06T16:15:15.076000,19.1,707.19,61.6,2932.1,1.29,81.0,-42.0,959.0,0.0,0.0,0.0,0.0,19.078932,72.880632,100.0,ON,OK,0,20.1,19.5,1,161515,060626
HAB-MUM-01,169,16:18:16,2026-06-06T16:18:16.425622,17.2,627.7,50.2,3860.8,3.12,49.0,-24.0,1021.0,0.0,0.0,0.0,0.0,19.079861,72.881561,100.0,ON,OK,0,17.8,17.2,1,161816,060626
HAB-MUM-01,170,16:15:16,2026-06-06T16:15:16.080294,19.7,737.47,55.6,2600.4,1.74,-62.0,-42.0,1045.0,0.0,0.0,0.0,0.0,19.0786,72.8803,100.0,ON,OK,0,19.2,19.3,1,161516,060626
HAB-MUM-01,170,16:18:17,2026-06-06T16:18:17.431813,18.0,660.9,55.0,3462.0,3.63,-68.0,46.0,1044.0,0.0,0.0,0.0,0.0,19.079462,72.881162,100.0,ON,OK,0,18.7,18.3,1,161817,060626
HAB-MUM-01,171,16:15:17,2026-06-06T16:15:17.084617,20.6,775.72,46.7,2197.0,1.83,-38.0,-47.0,1000.0,0.0,0.0,0.0,0.0,19.078197,72.879897,100.0,ON,OK,0,19.8,20.1,1,161517,060626
HAB-MUM-01,171,16:18:18,2026-06-06T16:18:18.437410,19.0,702.15,57.9,2988.3,1.88,35.0,-81.0,952.0,0.0,0.0,0.0,0.0,19.078988,72.880688,100.0,ON,OK,0,19.1,18.7,1,161818,060626
HAB-MUM-01,172,16:15:18,2026-06-06T16:15:18.092433,21.4,817.76,69.1,1771.7,1.17,-6.0,-51.0,972.0,0.0,0.0,0.0,0.0,19.077772,72.879472,100.0,ON,OK,0,21.9,21.8,1,161518,060626
HAB-MUM-01,172,16:18:19,2026-06-06T16:18:19.442321,19.7,732.94,49.2,2649.4,2.68,56.0,40.0,991.0,0.0,0.0,0.0,0.0,19.078649,72.880349,100.0,ON,OK,0,20.1,20.1,1,161819,060626
HAB-MUM-01,173,16:15:19,2026-06-06T16:15:19.096511,22.2,859.73,64.4,1364.5,0.88,-68.0,-65.0,981.0,0.0,0.0,0.0,0.0,19.077365,72.879065,100.0,ON,OK,0,22.8,21.8,1,161519,060626
HAB-MUM-01,173,16:18:20,2026-06-06T16:18:20.453121,20.6,777.49,49.2,2178.7,1.89,1.0,26.0,1024.0,0.0,0.0,0.0,0.0,19.078179,72.879879,100.0,ON,OK,0,20.0,20.1,1,161820,060626
HAB-MUM-01,174,16:15:20,2026-06-06T16:15:20.105938,23.2,912.61,60.1,873.7,3.1,-24.0,-55.0,988.0,0.0,0.0,0.0,0.0,19.076874,72.878574,100.0,ON,OK,0,22.6,23.1,1,161520,060626
HAB-MUM-01,174,16:18:21,2026-06-06T16:18:21.457448,21.4,816.25,65.7,1786.7,3.31,11.0,-13.0,963.0,0.0,0.0,0.0,0.0,19.077787,72.879487,100.0,ON,OK,0,21.2,21.7,1,161821,060626
HAB-MUM-01,175,16:15:21,2026-06-06T16:15:21.113285,24.1,964.41,63.5,414.7,2.37,-4.0,69.0,1013.0,0.0,0.0,0.0,0.0,19.076415,72.878115,100.0,ON,OK,0,25.0,24.5,1,161521,060626
HAB-MUM-01,175,16:18:22,2026-06-06T16:18:22.462366,22.1,853.45,53.9,1424.4,0.87,-71.0,-24.0,950.0,0.0,0.0,0.0,0.0,19.077424,72.879124,100.0,ON,OK,0,21.3,22.1,1,161822,060626
HAB-MUM-01,176,16:18:23,2026-06-06T16:18:23.470228,22.7,883.7,64.3,1139.0,0.59,-75.0,25.0,1044.0,0.0,0.0,0.0,0.0,19.077139,72.878839,100.0,ON,OK,0,23.5,23.2,1,161823,060626
HAB-MUM-01,177,16:18:24,2026-06-06T16:18:24.482453,23.5,927.96,46.9,735.5,2.67,89.0,-56.0,1007.0,0.0,0.0,0.0,0.0,19.076736,72.878436,100.0,ON,OK,0,24.0,23.1,1,161824,060626
HAB-MUM-01,178,16:18:25,2026-06-06T16:18:25.494006,24.2,971.63,60.5,352.3,3.17,2.0,82.0,1001.0,0.0,0.0,0.0,0.0,19.076352,72.878052,100.0,ON,OK,0,24.3,24.0,1,161825,060626
HAB-MUM-01,179,16:18:26,2026-06-06T16:18:26.503667,24.8,1002.83,54.9,87.0,2.41,71.0,89.0,969.0,0.0,0.0,0.0,0.0,19.076087,72.877787,100.0,ON,OK,0,24.9,24.8,1,161826,060626
